-- MySQL dump 10.13  Distrib 5.7.19, for Linux (i686)
--
-- Host: localhost    Database: baparocks
-- ------------------------------------------------------
-- Server version	5.7.19

/*!40101 SET @OLD_CHARACTER_SET_CLIENT=@@CHARACTER_SET_CLIENT */;
/*!40101 SET @OLD_CHARACTER_SET_RESULTS=@@CHARACTER_SET_RESULTS */;
/*!40101 SET @OLD_COLLATION_CONNECTION=@@COLLATION_CONNECTION */;
/*!40101 SET NAMES utf8 */;
/*!40103 SET @OLD_TIME_ZONE=@@TIME_ZONE */;
/*!40103 SET TIME_ZONE='+00:00' */;
/*!40014 SET @OLD_UNIQUE_CHECKS=@@UNIQUE_CHECKS, UNIQUE_CHECKS=0 */;
/*!40014 SET @OLD_FOREIGN_KEY_CHECKS=@@FOREIGN_KEY_CHECKS, FOREIGN_KEY_CHECKS=0 */;
/*!40101 SET @OLD_SQL_MODE=@@SQL_MODE, SQL_MODE='NO_AUTO_VALUE_ON_ZERO' */;
/*!40111 SET @OLD_SQL_NOTES=@@SQL_NOTES, SQL_NOTES=0 */;

--
-- Table structure for table `location`
--

DROP TABLE IF EXISTS `location`;
/*!40101 SET @saved_cs_client     = @@character_set_client */;
/*!40101 SET character_set_client = utf8 */;
CREATE TABLE `location` (
  `id` int(11) NOT NULL AUTO_INCREMENT,
  `name` varchar(255) COLLATE utf8_unicode_ci NOT NULL,
  `address` varchar(255) COLLATE utf8_unicode_ci NOT NULL,
  `contact` varchar(255) COLLATE utf8_unicode_ci NOT NULL,
  `notes` varchar(255) COLLATE utf8_unicode_ci NOT NULL,
  `created_at` int(11) DEFAULT NULL,
  `updated_at` int(11) DEFAULT NULL,
  PRIMARY KEY (`id`),
  UNIQUE KEY `name` (`name`),
  UNIQUE KEY `address` (`address`),
  UNIQUE KEY `contact` (`contact`),
  UNIQUE KEY `notes` (`notes`)
) ENGINE=InnoDB AUTO_INCREMENT=3 DEFAULT CHARSET=utf8 COLLATE=utf8_unicode_ci;
/*!40101 SET character_set_client = @saved_cs_client */;

--
-- Dumping data for table `location`
--

LOCK TABLES `location` WRITE;
/*!40000 ALTER TABLE `location` DISABLE KEYS */;
INSERT INTO `location` VALUES (1,'MFP','1536 Moffett St., Salinas, CA 93905','Cary Carmichael','No notes.',1500549133,1500549133),(2,'Silver Creek Sportsplex','800 Embedded Way, San Jose, CA 95138','Andy Kuntz','On the \"Striker\'s Den\" side of the Sportsplex.  Enter the door and walk left.',1504412367,1504412367);
/*!40000 ALTER TABLE `location` ENABLE KEYS */;
UNLOCK TABLES;

--
-- Table structure for table `machine`
--

DROP TABLE IF EXISTS `machine`;
/*!40101 SET @saved_cs_client     = @@character_set_client */;
/*!40101 SET character_set_client = utf8 */;
CREATE TABLE `machine` (
  `id` int(11) NOT NULL AUTO_INCREMENT,
  `name` varchar(255) COLLATE utf8_unicode_ci NOT NULL,
  `abbreviation` varchar(15) COLLATE utf8_unicode_ci NOT NULL,
  `ipdb_id` int(11) DEFAULT NULL COMMENT 'ID number on IPDB',
  `location_id` int(11) NOT NULL,
  `created_at` int(11) DEFAULT NULL,
  `updated_at` int(11) DEFAULT NULL,
  PRIMARY KEY (`id`),
  KEY `location_key` (`location_id`),
  CONSTRAINT `machine_ibfk_1` FOREIGN KEY (`location_id`) REFERENCES `location` (`id`)
) ENGINE=InnoDB AUTO_INCREMENT=38 DEFAULT CHARSET=utf8 COLLATE=utf8_unicode_ci;
/*!40101 SET character_set_client = @saved_cs_client */;

--
-- Dumping data for table `machine`
--

LOCK TABLES `machine` WRITE;
/*!40000 ALTER TABLE `machine` DISABLE KEYS */;
INSERT INTO `machine` VALUES (1,'2001','2001',2697,1,1500550472,1500550472),(2,'Attack From Mars','AFM',3781,1,1500550485,1500550485),(3,'Batman (Stern, Pro)','BDK',5583,1,1500550485,1500550485),(4,'Big Buck Hunter Pro','BBH',5513,1,1500550485,1500550485),(5,'Congo','CONGO',3780,1,1500550485,1500550485),(6,'Creature from the Black Lagoon','CFTBL',588,1,1500550485,1500550485),(7,'Cherry Bell','CB',3070,1,1500550485,1503223533),(8,'Dirty Harry','DH',684,1,1500550485,1500550485),(9,'Eight Ball Deluxe','EBD',762,1,1500550485,1500550485),(10,'Fireball II','FB2',854,1,1500550485,1500550485),(11,'Harley-Davidson, (2nd Edition)','HD',4455,1,1500550485,1500550485),(12,'Indiana Jones','IJ08',5306,1,1500550485,1500550485),(13,'NBA Fastbreak','NBAF',4023,1,1500550485,1500550485),(14,'Pirates of the Caribbean','POTC',5163,1,1500550485,1500550485),(15,'Playboy','PB',1823,1,1500550485,1500550485),(16,'Road Kings','RK',1970,1,1500550485,1500550485),(17,'Spider-Man','SM',5237,1,1500550485,1503115095),(18,'Star Trek (Starfleet Pro)','ST13',6044,1,1500550485,1500550485),(19,'Disney TRON Legacy','DTL',5682,1,1500550485,1503223888),(20,'The Getaway: High Speed II','HS2',1000,1,1500550485,1500550485),(21,'Godzilla','GZ',4443,1,1503115181,1503115181),(22,'Game of Thrones (Pro)','GoT',6307,1,1503115219,1503115219),(23,'Aerosmith (Pro)','AERO',6370,1,1503115260,1503115260),(24,'Aquarius','AQ',79,1,1503223350,1503223350),(25,'Dealer\'s Choice','DC',649,1,1503223589,1503223589),(26,'Ghostbusters (Premium)','GB',6333,1,1503223658,1503223688),(27,'Old Chicago','OC',1704,1,1503223744,1503223744),(28,'WHO dunnit','WD?',3685,1,1503224099,1503224099),(29,'Eight Ball Deluxe','EBD',762,2,1504414491,1504414491),(30,'X-Men (Pro)','XM',5822,2,1504414599,1504414599),(31,'Star Wars (Pro)','SWP',6428,2,1504414836,1504414836),(32,'Ghostbusters (Pro)','GB',6332,2,1504575879,1504575879),(33,'Pirates of the Caribbean','PotC',5163,2,1504575919,1504575919),(34,'Revenge From Mars','RFM',4446,2,1504575949,1504575949),(35,'World Cup Soccer','WCS',2811,2,1504575980,1504575980),(36,'Terminator 2: Judgment Day','T2',2524,2,1504576009,1504576009),(37,'High Speed','HS',1176,2,1504576050,1504576050);
/*!40000 ALTER TABLE `machine` ENABLE KEYS */;
UNLOCK TABLES;

--
-- Table structure for table `machinestatus`
--

DROP TABLE IF EXISTS `machinestatus`;
/*!40101 SET @saved_cs_client     = @@character_set_client */;
/*!40101 SET character_set_client = utf8 */;
CREATE TABLE `machinestatus` (
  `id` int(11) NOT NULL AUTO_INCREMENT,
  `status` int(11) NOT NULL,
  `machine_id` int(11) NOT NULL,
  `game_id` int(11) DEFAULT NULL,
  `recorder_id` int(11) NOT NULL COMMENT 'User who changed status',
  `created_at` timestamp(6) NOT NULL DEFAULT CURRENT_TIMESTAMP(6),
  `updated_at` timestamp(6) NOT NULL DEFAULT CURRENT_TIMESTAMP(6) ON UPDATE CURRENT_TIMESTAMP(6),
  PRIMARY KEY (`id`),
  KEY `machine_key` (`machine_id`),
  KEY `game_key` (`game_id`),
  KEY `recorder_id` (`recorder_id`),
  CONSTRAINT `machinestatus_ibfk_1` FOREIGN KEY (`machine_id`) REFERENCES `machine` (`id`),
  CONSTRAINT `machinestatus_ibfk_2` FOREIGN KEY (`game_id`) REFERENCES `game` (`id`),
  CONSTRAINT `machinestatus_ibfk_3` FOREIGN KEY (`recorder_id`) REFERENCES `user` (`id`)
) ENGINE=InnoDB AUTO_INCREMENT=901 DEFAULT CHARSET=utf8 COLLATE=utf8_unicode_ci;
/*!40101 SET character_set_client = @saved_cs_client */;

--
-- Dumping data for table `machinestatus`
--

LOCK TABLES `machinestatus` WRITE;
/*!40000 ALTER TABLE `machinestatus` DISABLE KEYS */;
INSERT INTO `machinestatus` VALUES (1,1,1,NULL,1,'2017-08-20 17:24:29.451115','2017-08-20 17:24:29.451115'),(2,1,1,NULL,1,'2017-08-20 17:24:29.466951','2017-08-20 17:24:29.466951'),(3,1,1,NULL,1,'2017-08-20 17:24:29.476501','2017-08-20 17:24:29.476501'),(4,1,1,NULL,1,'2017-08-20 17:24:29.485041','2017-08-20 17:24:29.485041'),(5,1,1,NULL,1,'2017-08-20 17:24:29.488341','2017-08-20 17:24:29.488341'),(6,1,23,NULL,1,'2017-08-20 17:24:29.491607','2017-08-20 17:24:29.491607'),(7,1,23,NULL,1,'2017-08-20 17:24:29.502015','2017-08-20 17:24:29.502015'),(8,1,23,NULL,1,'2017-08-20 17:24:29.510835','2017-08-20 17:24:29.510835'),(9,1,23,NULL,1,'2017-08-20 17:24:29.520129','2017-08-20 17:24:29.520129'),(10,1,23,NULL,1,'2017-08-20 17:24:29.523453','2017-08-20 17:24:29.523453'),(11,1,24,NULL,1,'2017-08-20 17:24:29.526678','2017-08-20 17:24:29.526678'),(12,1,24,NULL,1,'2017-08-20 17:24:29.536575','2017-08-20 17:24:29.536575'),(13,1,24,NULL,1,'2017-08-20 17:24:29.545440','2017-08-20 17:24:29.545440'),(14,1,24,NULL,1,'2017-08-20 17:24:29.553942','2017-08-20 17:24:29.553942'),(15,1,24,NULL,1,'2017-08-20 17:24:29.557565','2017-08-20 17:24:29.557565'),(16,1,2,NULL,1,'2017-08-20 17:24:29.560914','2017-08-20 17:24:29.560914'),(17,1,2,NULL,1,'2017-08-20 17:24:29.570385','2017-08-20 17:24:29.570385'),(18,1,2,NULL,1,'2017-08-20 17:24:29.582426','2017-08-20 17:24:29.582426'),(19,1,2,NULL,1,'2017-08-20 17:24:29.591193','2017-08-20 17:24:29.591193'),(20,1,2,NULL,1,'2017-08-20 17:24:29.594849','2017-08-20 17:24:29.594849'),(21,1,3,NULL,1,'2017-08-20 17:24:29.598297','2017-08-20 17:24:29.598297'),(22,1,3,NULL,1,'2017-08-20 17:24:29.608507','2017-08-20 17:24:29.608507'),(23,1,3,NULL,1,'2017-08-20 17:24:29.616819','2017-08-20 17:24:29.616819'),(24,1,3,NULL,1,'2017-08-20 17:24:29.625207','2017-08-20 17:24:29.625207'),(25,1,3,NULL,1,'2017-08-20 17:24:29.628619','2017-08-20 17:24:29.628619'),(26,1,4,NULL,1,'2017-08-20 17:24:29.631848','2017-08-20 17:24:29.631848'),(27,1,4,NULL,1,'2017-08-20 17:24:29.641259','2017-08-20 17:24:29.641259'),(28,1,4,NULL,1,'2017-08-20 17:24:29.650098','2017-08-20 17:24:29.650098'),(29,1,4,NULL,1,'2017-08-20 17:24:29.658518','2017-08-20 17:24:29.658518'),(30,1,4,NULL,1,'2017-08-20 17:24:29.661712','2017-08-20 17:24:29.661712'),(31,1,7,NULL,1,'2017-08-20 17:24:29.665077','2017-08-20 17:24:29.665077'),(32,1,7,NULL,1,'2017-08-20 17:24:29.674513','2017-08-20 17:24:29.674513'),(33,1,7,NULL,1,'2017-08-20 17:24:29.683215','2017-08-20 17:24:29.683215'),(34,1,7,NULL,1,'2017-08-20 17:24:29.691568','2017-08-20 17:24:29.691568'),(35,1,7,NULL,1,'2017-08-20 17:24:29.695156','2017-08-20 17:24:29.695156'),(36,1,5,NULL,1,'2017-08-20 17:24:29.698475','2017-08-20 17:24:29.698475'),(37,1,5,NULL,1,'2017-08-20 17:24:29.707815','2017-08-20 17:24:29.707815'),(38,1,5,NULL,1,'2017-08-20 17:24:29.717318','2017-08-20 17:24:29.717318'),(39,1,5,NULL,1,'2017-08-20 17:24:29.726146','2017-08-20 17:24:29.726146'),(40,1,5,NULL,1,'2017-08-20 17:24:29.729453','2017-08-20 17:24:29.729453'),(41,1,6,NULL,1,'2017-08-20 17:24:29.732847','2017-08-20 17:24:29.732847'),(42,1,6,NULL,1,'2017-08-20 17:24:29.742147','2017-08-20 17:24:29.742147'),(43,1,6,NULL,1,'2017-08-20 17:24:29.750611','2017-08-20 17:24:29.750611'),(44,1,6,NULL,1,'2017-08-20 17:24:29.759333','2017-08-20 17:24:29.759333'),(45,1,6,NULL,1,'2017-08-20 17:24:29.762613','2017-08-20 17:24:29.762613'),(46,1,25,NULL,1,'2017-08-20 17:24:29.765965','2017-08-20 17:24:29.765965'),(47,1,25,NULL,1,'2017-08-20 17:24:29.775115','2017-08-20 17:24:29.775115'),(48,1,25,NULL,1,'2017-08-20 17:24:29.783781','2017-08-20 17:24:29.783781'),(49,1,25,NULL,1,'2017-08-20 17:24:29.792762','2017-08-20 17:24:29.792762'),(50,1,25,NULL,1,'2017-08-20 17:24:29.797229','2017-08-20 17:24:29.797229'),(51,1,8,NULL,1,'2017-08-20 17:24:29.800725','2017-08-20 17:24:29.800725'),(52,1,8,NULL,1,'2017-08-20 17:24:29.811199','2017-08-20 17:24:29.811199'),(53,1,8,NULL,1,'2017-08-20 17:24:29.820486','2017-08-20 17:24:29.820486'),(54,1,8,NULL,1,'2017-08-20 17:24:29.829778','2017-08-20 17:24:29.829778'),(55,1,8,NULL,1,'2017-08-20 17:24:29.833156','2017-08-20 17:24:29.833156'),(56,1,19,NULL,1,'2017-08-20 17:24:29.836478','2017-08-20 17:24:29.836478'),(57,1,19,NULL,1,'2017-08-20 17:24:29.846641','2017-08-20 17:24:29.846641'),(58,1,19,NULL,1,'2017-08-20 17:24:29.855954','2017-08-20 17:24:29.855954'),(59,1,19,NULL,1,'2017-08-20 17:24:29.865018','2017-08-20 17:24:29.865018'),(60,1,19,NULL,1,'2017-08-20 17:24:29.868318','2017-08-20 17:24:29.868318'),(61,1,9,NULL,1,'2017-08-20 17:24:29.871629','2017-08-20 17:24:29.871629'),(62,1,9,NULL,1,'2017-08-20 17:24:29.881215','2017-08-20 17:24:29.881215'),(63,1,9,NULL,1,'2017-08-20 17:24:29.890343','2017-08-20 17:24:29.890343'),(64,1,9,NULL,1,'2017-08-20 17:24:29.899959','2017-08-20 17:24:29.899959'),(65,1,9,NULL,1,'2017-08-20 17:24:29.903286','2017-08-20 17:24:29.903286'),(66,1,10,NULL,1,'2017-08-20 17:24:29.906837','2017-08-20 17:24:29.906837'),(67,1,10,NULL,1,'2017-08-20 17:24:29.916668','2017-08-20 17:24:29.916668'),(68,1,10,NULL,1,'2017-08-20 17:24:29.925383','2017-08-20 17:24:29.925383'),(69,1,10,NULL,1,'2017-08-20 17:24:29.934218','2017-08-20 17:24:29.934218'),(70,1,10,NULL,1,'2017-08-20 17:24:29.937872','2017-08-20 17:24:29.937872'),(71,1,22,NULL,1,'2017-08-20 17:24:29.941354','2017-08-20 17:24:29.941354'),(72,1,22,NULL,1,'2017-08-20 17:24:29.952495','2017-08-20 17:24:29.952495'),(73,1,22,NULL,1,'2017-08-20 17:24:29.961493','2017-08-20 17:24:29.961493'),(74,1,22,NULL,1,'2017-08-20 17:24:29.970896','2017-08-20 17:24:29.970896'),(75,1,22,NULL,1,'2017-08-20 17:24:29.974438','2017-08-20 17:24:29.974438'),(76,1,26,NULL,1,'2017-08-20 17:24:29.977798','2017-08-20 17:24:29.977798'),(77,1,26,NULL,1,'2017-08-20 17:24:29.987439','2017-08-20 17:24:29.987439'),(78,1,26,NULL,1,'2017-08-20 17:24:29.996791','2017-08-20 17:24:29.996791'),(79,1,26,NULL,1,'2017-08-20 17:24:30.005626','2017-08-20 17:24:30.005626'),(80,1,26,NULL,1,'2017-08-20 17:24:30.008981','2017-08-20 17:24:30.008981'),(81,1,21,NULL,1,'2017-08-20 17:24:30.012229','2017-08-20 17:24:30.012229'),(82,1,21,NULL,1,'2017-08-20 17:24:30.021900','2017-08-20 17:24:30.021900'),(83,1,21,NULL,1,'2017-08-20 17:24:30.030917','2017-08-20 17:24:30.030917'),(84,1,21,NULL,1,'2017-08-20 17:24:30.040057','2017-08-20 17:24:30.040057'),(85,1,21,NULL,1,'2017-08-20 17:24:30.043452','2017-08-20 17:24:30.043452'),(86,1,11,NULL,1,'2017-08-20 17:24:30.047114','2017-08-20 17:24:30.047114'),(87,1,11,NULL,1,'2017-08-20 17:24:30.057335','2017-08-20 17:24:30.057335'),(88,1,11,NULL,1,'2017-08-20 17:24:30.067003','2017-08-20 17:24:30.067003'),(89,1,11,NULL,1,'2017-08-20 17:24:30.076190','2017-08-20 17:24:30.076190'),(90,1,11,NULL,1,'2017-08-20 17:24:30.079546','2017-08-20 17:24:30.079546'),(91,1,12,NULL,1,'2017-08-20 17:24:30.082909','2017-08-20 17:24:30.082909'),(92,1,12,NULL,1,'2017-08-20 17:24:30.092531','2017-08-20 17:24:30.092531'),(93,1,12,NULL,1,'2017-08-20 17:24:30.101436','2017-08-20 17:24:30.101436'),(94,1,12,NULL,1,'2017-08-20 17:24:30.110450','2017-08-20 17:24:30.110450'),(95,1,12,NULL,1,'2017-08-20 17:24:30.114202','2017-08-20 17:24:30.114202'),(96,1,13,NULL,1,'2017-08-20 17:24:30.117599','2017-08-20 17:24:30.117599'),(97,1,13,NULL,1,'2017-08-20 17:24:30.127324','2017-08-20 17:24:30.127324'),(98,1,13,NULL,1,'2017-08-20 17:24:30.136419','2017-08-20 17:24:30.136419'),(99,1,13,NULL,1,'2017-08-20 17:24:30.145329','2017-08-20 17:24:30.145329'),(100,1,13,NULL,1,'2017-08-20 17:24:30.148582','2017-08-20 17:24:30.148582'),(101,1,27,NULL,1,'2017-08-20 17:24:30.151948','2017-08-20 17:24:30.151948'),(102,1,27,NULL,1,'2017-08-20 17:24:30.161828','2017-08-20 17:24:30.161828'),(103,1,27,NULL,1,'2017-08-20 17:24:30.170690','2017-08-20 17:24:30.170690'),(104,1,27,NULL,1,'2017-08-20 17:24:30.179970','2017-08-20 17:24:30.179970'),(105,1,27,NULL,1,'2017-08-20 17:24:30.183289','2017-08-20 17:24:30.183289'),(106,1,14,NULL,1,'2017-08-20 17:24:30.186654','2017-08-20 17:24:30.186654'),(107,1,14,NULL,1,'2017-08-20 17:24:30.196504','2017-08-20 17:24:30.196504'),(108,1,14,NULL,1,'2017-08-20 17:24:30.205505','2017-08-20 17:24:30.205505'),(109,1,14,NULL,1,'2017-08-20 17:24:30.214489','2017-08-20 17:24:30.214489'),(110,1,14,NULL,1,'2017-08-20 17:24:30.218157','2017-08-20 17:24:30.218157'),(111,1,15,NULL,1,'2017-08-20 17:24:30.221561','2017-08-20 17:24:30.221561'),(112,1,15,NULL,1,'2017-08-20 17:24:30.231245','2017-08-20 17:24:30.231245'),(113,1,15,NULL,1,'2017-08-20 17:24:30.240896','2017-08-20 17:24:30.240896'),(114,1,15,NULL,1,'2017-08-20 17:24:30.251547','2017-08-20 17:24:30.251547'),(115,1,15,NULL,1,'2017-08-20 17:24:30.255253','2017-08-20 17:24:30.255253'),(116,1,16,NULL,1,'2017-08-20 17:24:30.258644','2017-08-20 17:24:30.258644'),(117,1,16,NULL,1,'2017-08-20 17:24:30.269014','2017-08-20 17:24:30.269014'),(118,1,16,NULL,1,'2017-08-20 17:24:30.278775','2017-08-20 17:24:30.278775'),(119,1,16,NULL,1,'2017-08-20 17:24:30.289359','2017-08-20 17:24:30.289359'),(120,1,16,NULL,1,'2017-08-20 17:24:30.292863','2017-08-20 17:24:30.292863'),(121,1,17,NULL,1,'2017-08-20 17:24:30.296379','2017-08-20 17:24:30.296379'),(122,1,17,NULL,1,'2017-08-20 17:24:30.307815','2017-08-20 17:24:30.307815'),(123,1,17,NULL,1,'2017-08-20 17:24:30.318051','2017-08-20 17:24:30.318051'),(124,1,17,NULL,1,'2017-08-20 17:24:30.328321','2017-08-20 17:24:30.328321'),(125,1,17,NULL,1,'2017-08-20 17:24:30.331957','2017-08-20 17:24:30.331957'),(126,1,18,NULL,1,'2017-08-20 17:24:30.343375','2017-08-20 17:24:30.343375'),(127,1,18,NULL,1,'2017-08-20 17:24:30.354771','2017-08-20 17:24:30.354771'),(128,1,18,NULL,1,'2017-08-20 17:24:30.364982','2017-08-20 17:24:30.364982'),(129,1,18,NULL,1,'2017-08-20 17:24:30.374717','2017-08-20 17:24:30.374717'),(130,1,18,NULL,1,'2017-08-20 17:24:30.378521','2017-08-20 17:24:30.378521'),(131,1,20,NULL,1,'2017-08-20 17:24:30.381932','2017-08-20 17:24:30.381932'),(132,1,20,NULL,1,'2017-08-20 17:24:30.392958','2017-08-20 17:24:30.392958'),(133,1,20,NULL,1,'2017-08-20 17:24:30.403747','2017-08-20 17:24:30.403747'),(134,1,20,NULL,1,'2017-08-20 17:24:30.414045','2017-08-20 17:24:30.414045'),(135,1,20,NULL,1,'2017-08-20 17:24:30.418154','2017-08-20 17:24:30.418154'),(136,1,28,NULL,1,'2017-08-20 17:24:30.422261','2017-08-20 17:24:30.422261'),(137,1,28,NULL,1,'2017-08-20 17:24:30.434350','2017-08-20 17:24:30.434350'),(138,1,28,NULL,1,'2017-08-20 17:24:30.443848','2017-08-20 17:24:30.443848'),(139,1,28,NULL,1,'2017-08-20 17:24:30.453257','2017-08-20 17:24:30.453257'),(140,1,28,NULL,1,'2017-08-20 17:24:30.456646','2017-08-20 17:24:30.456646'),(141,3,27,NULL,1,'2017-08-20 17:25:03.948715','2017-08-20 17:25:03.948715'),(142,3,1,NULL,1,'2017-08-20 17:25:07.662014','2017-08-20 17:25:07.662014'),(143,2,2,3,35,'2017-08-20 18:22:39.232417','2017-08-20 18:22:39.232417'),(144,2,12,2,33,'2017-08-20 18:24:53.211836','2017-08-20 18:24:53.211836'),(145,2,26,1,55,'2017-08-20 18:26:38.435693','2017-08-20 18:26:38.435693'),(146,2,3,5,39,'2017-08-20 18:27:18.105140','2017-08-20 18:27:18.105140'),(147,2,15,9,1,'2017-08-20 18:27:40.865787','2017-08-20 18:27:40.865787'),(148,2,8,7,50,'2017-08-20 18:30:10.947492','2017-08-20 18:30:10.947492'),(149,2,19,10,48,'2017-08-20 18:30:14.807087','2017-08-20 18:30:14.807087'),(150,1,12,NULL,33,'2017-08-20 18:30:25.195285','2017-08-20 18:30:25.195285'),(151,1,2,NULL,35,'2017-08-20 18:32:24.769250','2017-08-20 18:32:24.769250'),(152,2,7,8,38,'2017-08-20 18:32:29.587424','2017-08-20 18:32:29.587424'),(153,1,15,NULL,1,'2017-08-20 18:32:46.870118','2017-08-20 18:32:46.870118'),(154,1,26,NULL,55,'2017-08-20 18:33:12.398423','2017-08-20 18:33:12.398423'),(155,1,7,NULL,38,'2017-08-20 18:33:13.695007','2017-08-20 18:33:13.695007'),(156,2,17,13,1,'2017-08-20 18:33:43.502347','2017-08-20 18:33:43.502347'),(157,2,10,6,41,'2017-08-20 18:33:51.223687','2017-08-20 18:33:51.223687'),(158,2,9,12,35,'2017-08-20 18:34:18.312818','2017-08-20 18:34:18.312818'),(159,1,10,NULL,41,'2017-08-20 18:34:27.517278','2017-08-20 18:34:27.517278'),(160,2,22,15,38,'2017-08-20 18:34:42.868532','2017-08-20 18:34:42.868532'),(161,2,23,14,55,'2017-08-20 18:34:53.030828','2017-08-20 18:34:53.030828'),(162,2,13,16,41,'2017-08-20 18:35:21.216919','2017-08-20 18:35:21.216919'),(163,1,8,NULL,50,'2017-08-20 18:35:28.059809','2017-08-20 18:35:28.059809'),(164,1,19,NULL,48,'2017-08-20 18:36:43.695967','2017-08-20 18:36:43.695967'),(165,2,19,11,48,'2017-08-20 18:36:43.714359','2017-08-20 18:36:43.714359'),(166,2,21,17,50,'2017-08-20 18:36:59.997189','2017-08-20 18:36:59.997189'),(167,1,3,NULL,51,'2017-08-20 18:39:00.993593','2017-08-20 18:39:00.993593'),(168,1,9,NULL,35,'2017-08-20 18:39:02.398137','2017-08-20 18:39:02.398137'),(169,1,13,NULL,41,'2017-08-20 18:39:46.945674','2017-08-20 18:39:46.945674'),(170,2,7,19,39,'2017-08-20 18:40:11.591430','2017-08-20 18:40:11.591430'),(171,1,23,NULL,55,'2017-08-20 18:40:47.029071','2017-08-20 18:40:47.029071'),(172,2,18,18,48,'2017-08-20 18:41:02.313856','2017-08-20 18:41:02.313856'),(173,2,12,21,41,'2017-08-20 18:41:17.322134','2017-08-20 18:41:17.322134'),(174,2,28,20,35,'2017-08-20 18:41:52.692611','2017-08-20 18:41:52.692611'),(175,1,19,NULL,33,'2017-08-20 18:41:55.189786','2017-08-20 18:41:55.189786'),(176,1,17,NULL,1,'2017-08-20 18:42:02.212889','2017-08-20 18:42:02.212889'),(177,2,16,22,55,'2017-08-20 18:42:12.668688','2017-08-20 18:42:12.668688'),(178,2,4,24,1,'2017-08-20 18:43:01.167831','2017-08-20 18:43:01.167831'),(179,2,14,23,33,'2017-08-20 18:43:18.804546','2017-08-20 18:43:18.804546'),(180,1,21,NULL,50,'2017-08-20 18:43:52.285796','2017-08-20 18:43:52.285796'),(181,2,21,4,50,'2017-08-20 18:43:52.304095','2017-08-20 18:43:52.304095'),(182,1,22,NULL,38,'2017-08-20 18:44:59.134417','2017-08-20 18:44:59.134417'),(183,2,24,25,50,'2017-08-20 18:45:41.867576','2017-08-20 18:45:41.867576'),(184,1,7,NULL,51,'2017-08-20 18:46:13.515703','2017-08-20 18:46:13.515703'),(185,1,12,NULL,41,'2017-08-20 18:46:50.389261','2017-08-20 18:46:50.389261'),(186,1,18,NULL,48,'2017-08-20 18:47:41.282249','2017-08-20 18:47:41.282249'),(187,2,20,27,39,'2017-08-20 18:48:08.275816','2017-08-20 18:48:08.275816'),(188,2,5,29,48,'2017-08-20 18:49:27.454068','2017-08-20 18:49:27.454068'),(189,1,24,NULL,50,'2017-08-20 18:50:05.634088','2017-08-20 18:50:05.634088'),(190,2,25,26,38,'2017-08-20 18:51:11.793562','2017-08-20 18:51:11.793562'),(192,1,14,NULL,33,'2017-08-20 18:52:40.158673','2017-08-20 18:52:40.158673'),(193,2,10,30,55,'2017-08-20 18:52:47.494539','2017-08-20 18:52:47.494539'),(194,2,15,28,30,'2017-08-20 18:52:48.818442','2017-08-20 18:52:48.818442'),(195,1,21,NULL,1,'2017-08-20 18:53:19.075904','2017-08-20 18:53:19.075904'),(196,2,21,4,1,'2017-08-20 18:53:19.095162','2017-08-20 18:53:19.095162'),(197,1,21,NULL,1,'2017-08-20 18:53:24.277355','2017-08-20 18:53:24.277355'),(198,3,4,NULL,1,'2017-08-20 18:53:54.737767','2017-08-20 18:53:54.737767'),(199,3,4,NULL,1,'2017-08-20 18:53:54.926360','2017-08-20 18:53:54.926360'),(200,1,20,NULL,51,'2017-08-20 18:54:15.001621','2017-08-20 18:54:15.001621'),(201,2,10,33,51,'2017-08-20 18:55:23.809761','2017-08-20 19:16:50.685289'),(202,2,6,32,34,'2017-08-20 18:56:34.287848','2017-08-20 18:56:34.287848'),(203,1,28,NULL,35,'2017-08-20 18:56:36.828792','2017-08-20 18:56:36.828792'),(204,1,15,NULL,30,'2017-08-20 18:57:30.889314','2017-08-20 18:57:30.889314'),(205,1,25,NULL,38,'2017-08-20 18:57:36.178001','2017-08-20 18:57:36.178001'),(206,1,5,NULL,48,'2017-08-20 18:58:40.272235','2017-08-20 18:58:40.272235'),(207,2,3,37,48,'2017-08-20 18:59:39.846226','2017-08-20 18:59:39.846226'),(208,2,20,35,45,'2017-08-20 19:00:02.144044','2017-08-20 19:00:02.144044'),(209,1,10,NULL,55,'2017-08-20 19:00:16.426150','2017-08-20 19:00:16.426150'),(210,2,23,36,38,'2017-08-20 19:00:22.994273','2017-08-20 19:00:22.994273'),(211,2,19,31,37,'2017-08-20 19:01:54.213777','2017-08-20 19:01:54.213777'),(212,1,3,NULL,48,'2017-08-20 19:03:53.816942','2017-08-20 19:03:53.816942'),(213,2,3,39,1,'2017-08-20 19:04:23.074732','2017-08-20 19:04:23.074732'),(214,1,23,NULL,38,'2017-08-20 19:05:52.662362','2017-08-20 19:05:52.662362'),(215,2,24,42,38,'2017-08-20 19:06:52.433203','2017-08-20 19:06:52.433203'),(216,2,18,34,32,'2017-08-20 19:07:18.772882','2017-08-20 19:07:18.772882'),(217,1,6,NULL,34,'2017-08-20 19:07:51.398925','2017-08-20 19:07:51.398925'),(218,1,20,NULL,45,'2017-08-20 19:08:33.609993','2017-08-20 19:08:33.609993'),(219,2,13,44,45,'2017-08-20 19:09:18.913910','2017-08-20 19:09:18.913910'),(220,2,8,41,50,'2017-08-20 19:09:46.490693','2017-08-20 19:09:46.490693'),(221,1,10,NULL,51,'2017-08-20 19:10:34.997489','2017-08-20 19:10:34.997489'),(222,1,24,NULL,38,'2017-08-20 19:12:02.057405','2017-08-20 19:12:02.057405'),(223,1,3,NULL,1,'2017-08-20 19:12:07.461207','2017-08-20 19:12:07.461207'),(224,2,12,38,55,'2017-08-20 19:12:20.814478','2017-08-20 19:12:20.814478'),(225,1,13,NULL,45,'2017-08-20 19:12:22.796009','2017-08-20 19:12:22.796009'),(226,1,18,NULL,35,'2017-08-20 19:12:54.810074','2017-08-20 19:12:54.810074'),(227,1,18,NULL,32,'2017-08-20 19:13:12.171768','2017-08-20 19:13:12.171768'),(228,2,21,48,45,'2017-08-20 19:13:25.738930','2017-08-20 19:13:25.738930'),(229,2,15,49,32,'2017-08-20 19:14:05.723885','2017-08-20 19:14:05.723885'),(230,1,8,NULL,50,'2017-08-20 19:14:53.782722','2017-08-20 19:14:53.782722'),(231,2,22,50,50,'2017-08-20 19:15:14.726515','2017-08-20 19:15:14.726515'),(232,1,19,NULL,37,'2017-08-20 19:15:16.615854','2017-08-20 19:15:16.615854'),(233,2,17,51,40,'2017-08-20 19:16:56.239766','2017-08-20 19:16:56.239766'),(234,1,21,NULL,45,'2017-08-20 19:18:56.475589','2017-08-20 19:18:56.475589'),(235,1,15,NULL,32,'2017-08-20 19:19:04.853173','2017-08-20 19:19:04.853173'),(236,1,16,NULL,1,'2017-08-20 19:19:40.864827','2017-08-20 19:19:40.864827'),(237,1,12,NULL,55,'2017-08-20 19:20:06.148680','2017-08-20 19:20:06.148680'),(238,2,7,54,55,'2017-08-20 19:20:48.884593','2017-08-20 19:20:48.884593'),(239,1,22,NULL,50,'2017-08-20 19:21:10.560794','2017-08-20 19:21:10.560794'),(240,3,4,NULL,1,'2017-08-20 19:23:45.713350','2017-08-20 19:23:45.713350'),(241,1,17,NULL,37,'2017-08-20 19:24:08.699484','2017-08-20 19:24:08.699484'),(242,3,4,NULL,1,'2017-08-20 19:24:44.144620','2017-08-20 19:24:44.144620'),(243,1,10,NULL,1,'2017-08-20 19:29:08.857402','2017-08-20 19:29:08.857402'),(244,2,16,45,28,'2017-08-20 19:30:18.450830','2017-08-20 19:30:18.450830'),(245,1,7,NULL,55,'2017-08-20 19:31:14.912073','2017-08-20 19:31:14.912073'),(246,3,10,NULL,1,'2017-08-20 19:31:52.743737','2017-08-20 19:31:52.743737'),(247,2,9,55,37,'2017-08-20 19:32:22.482462','2017-08-20 19:32:22.482462'),(248,2,19,56,55,'2017-08-20 19:32:39.384482','2017-08-20 19:32:39.384482'),(249,2,14,52,45,'2017-08-20 19:37:23.244334','2017-08-20 19:37:23.244334'),(250,1,16,NULL,28,'2017-08-20 19:37:29.780841','2017-08-20 19:37:29.780841'),(251,2,2,53,35,'2017-08-20 19:39:56.140784','2017-08-20 19:39:56.140784'),(252,2,24,58,51,'2017-08-20 19:40:37.714181','2017-08-20 19:40:37.714181'),(253,1,9,NULL,37,'2017-08-20 19:41:45.626167','2017-08-20 19:41:45.626167'),(254,2,12,59,37,'2017-08-20 19:42:28.921569','2017-08-20 19:42:28.921569'),(255,1,16,NULL,34,'2017-08-20 19:44:43.489358','2017-08-20 19:44:43.489358'),(256,1,2,NULL,35,'2017-08-20 19:45:13.019359','2017-08-20 19:45:13.019359'),(257,2,17,60,34,'2017-08-20 19:45:32.376557','2017-08-20 19:45:32.376557'),(258,1,19,NULL,55,'2017-08-20 19:45:57.764681','2017-08-20 19:45:57.764681'),(259,2,19,40,48,'2017-08-20 19:46:12.840461','2017-08-20 19:46:12.840461'),(260,2,13,47,1,'2017-08-20 19:46:40.833527','2017-08-20 19:46:40.833527'),(262,1,14,NULL,45,'2017-08-20 19:47:18.900762','2017-08-20 19:47:18.900762'),(263,2,8,64,45,'2017-08-20 19:47:52.197355','2017-08-20 19:47:52.197355'),(264,1,12,NULL,37,'2017-08-20 19:49:22.881891','2017-08-20 19:49:22.881891'),(266,1,24,NULL,28,'2017-08-20 19:49:46.038159','2017-08-20 19:49:46.038159'),(267,2,5,65,37,'2017-08-20 19:51:04.909736','2017-08-20 19:51:04.909736'),(268,2,9,67,28,'2017-08-20 19:52:51.724138','2017-08-20 19:52:51.724138'),(269,1,17,NULL,34,'2017-08-20 19:52:52.561656','2017-08-20 19:52:52.561656'),(270,1,8,NULL,45,'2017-08-20 19:54:45.632980','2017-08-20 19:54:45.632980'),(271,2,11,68,34,'2017-08-20 19:54:50.546172','2017-08-20 19:54:50.546172'),(272,2,3,69,45,'2017-08-20 19:55:15.504360','2017-08-20 19:55:15.504360'),(273,2,21,46,42,'2017-08-20 19:55:16.056648','2017-08-20 19:55:16.056648'),(274,2,22,62,44,'2017-08-20 19:55:28.861980','2017-08-20 19:55:28.861980'),(275,1,13,NULL,1,'2017-08-20 19:55:57.219966','2017-08-20 19:55:57.219966'),(276,1,19,NULL,48,'2017-08-20 19:56:20.177168','2017-08-20 19:56:20.177168'),(277,2,6,61,32,'2017-08-20 19:56:35.558283','2017-08-20 19:56:35.558283'),(278,2,2,71,48,'2017-08-20 19:57:42.910774','2017-08-20 19:57:42.910774'),(279,1,5,NULL,37,'2017-08-20 19:58:43.703216','2017-08-20 19:58:43.703216'),(280,1,9,NULL,28,'2017-08-20 20:00:33.788327','2017-08-20 20:00:33.788327'),(281,2,9,70,28,'2017-08-20 20:00:33.812691','2017-08-20 20:00:33.812691'),(283,1,6,NULL,32,'2017-08-20 20:01:02.722761','2017-08-20 20:01:02.722761'),(284,1,11,NULL,34,'2017-08-20 20:01:20.507188','2017-08-20 20:01:20.507188'),(285,1,3,NULL,45,'2017-08-20 20:02:07.199477','2017-08-20 20:02:07.199477'),(286,2,19,74,39,'2017-08-20 20:02:44.432036','2017-08-20 20:02:44.432036'),(287,1,21,NULL,42,'2017-08-20 20:04:09.181995','2017-08-20 20:04:09.181995'),(288,2,20,76,32,'2017-08-20 20:04:41.843504','2017-08-20 20:04:41.843504'),(289,2,17,78,42,'2017-08-20 20:04:53.687728','2017-08-20 20:04:53.687728'),(290,1,19,NULL,51,'2017-08-20 20:06:04.669898','2017-08-20 20:06:04.669898'),(291,1,2,NULL,48,'2017-08-20 20:06:36.018075','2017-08-20 20:06:36.018075'),(292,2,18,79,51,'2017-08-20 20:06:41.435452','2017-08-20 20:06:41.435452'),(293,1,9,NULL,1,'2017-08-20 20:07:01.941263','2017-08-20 20:07:01.941263'),(294,2,12,80,48,'2017-08-20 20:07:53.553719','2017-08-20 20:07:53.553719'),(295,2,5,81,1,'2017-08-20 20:08:02.288171','2017-08-20 20:08:02.288171'),(296,1,22,NULL,44,'2017-08-20 20:10:08.711939','2017-08-20 20:10:08.711939'),(297,2,7,82,44,'2017-08-20 20:11:22.524164','2017-08-20 20:11:22.524164'),(298,1,12,NULL,48,'2017-08-20 20:13:20.373044','2017-08-20 20:13:20.373044'),(299,1,18,NULL,51,'2017-08-20 20:13:41.647766','2017-08-20 20:13:41.647766'),(300,2,18,72,51,'2017-08-20 20:13:41.675270','2017-08-20 20:13:41.675270'),(301,1,18,NULL,39,'2017-08-20 20:13:48.487549','2017-08-20 20:13:48.487549'),(302,2,11,83,48,'2017-08-20 20:14:07.776855','2017-08-20 20:14:07.776855'),(303,2,6,84,51,'2017-08-20 20:14:22.308119','2017-08-20 20:14:22.308119'),(304,1,20,NULL,32,'2017-08-20 20:14:48.755023','2017-08-20 20:14:48.755023'),(305,1,5,NULL,1,'2017-08-20 20:16:10.701827','2017-08-20 20:16:10.701827'),(306,1,17,NULL,42,'2017-08-20 20:16:17.401251','2017-08-20 20:16:17.401251'),(307,1,7,NULL,44,'2017-08-20 20:17:10.807171','2017-08-20 20:17:10.807171'),(308,2,5,85,42,'2017-08-20 20:18:00.966848','2017-08-20 20:18:00.966848'),(309,1,18,NULL,35,'2017-08-20 20:20:36.449579','2017-08-20 20:20:36.449579'),(310,1,6,NULL,51,'2017-08-20 20:20:41.183103','2017-08-20 20:20:41.183103'),(312,2,16,86,35,'2017-08-20 20:21:23.258242','2017-08-20 20:21:23.258242'),(313,1,11,NULL,48,'2017-08-20 20:21:30.841571','2017-08-20 20:21:30.841571'),(314,2,21,77,61,'2017-08-20 20:22:55.439978','2017-08-20 20:22:55.439978'),(315,2,23,88,48,'2017-08-20 20:22:56.857971','2017-08-20 20:22:56.857971'),(316,1,5,NULL,42,'2017-08-20 20:23:24.818609','2017-08-20 20:23:24.818609'),(317,2,19,89,42,'2017-08-20 20:24:15.117167','2017-08-20 20:24:15.117167'),(318,2,18,73,33,'2017-08-20 20:26:37.381287','2017-08-20 20:26:37.381287'),(319,1,23,NULL,48,'2017-08-20 20:27:58.637876','2017-08-20 20:27:58.637876'),(320,1,16,NULL,35,'2017-08-20 20:29:01.885944','2017-08-20 20:29:01.885944'),(321,2,22,92,35,'2017-08-20 20:30:12.738034','2017-08-20 20:30:12.738034'),(322,1,19,NULL,42,'2017-08-20 20:30:51.163157','2017-08-20 20:30:51.163157'),(323,2,3,91,50,'2017-08-20 20:32:28.675103','2017-08-20 20:32:28.675103'),(324,1,18,NULL,33,'2017-08-20 20:33:14.172571','2017-08-20 20:33:14.172571'),(325,2,15,90,41,'2017-08-20 20:33:18.421745','2017-08-20 20:33:18.421745'),(326,1,21,NULL,61,'2017-08-20 20:33:58.143651','2017-08-20 20:33:58.143651'),(327,2,21,95,61,'2017-08-20 20:33:58.171554','2017-08-20 20:33:58.171554'),(328,2,24,96,61,'2017-08-20 20:35:26.791542','2017-08-20 20:35:26.791542'),(329,1,15,NULL,41,'2017-08-20 20:37:16.595624','2017-08-20 20:37:16.595624'),(330,2,13,94,42,'2017-08-20 20:37:22.238584','2017-08-20 20:37:22.238584'),(331,2,23,97,41,'2017-08-20 20:39:08.151190','2017-08-20 20:39:08.151190'),(332,1,3,NULL,48,'2017-08-20 20:39:08.469397','2017-08-20 20:39:08.469397'),(333,1,24,NULL,61,'2017-08-20 20:40:10.036523','2017-08-20 20:40:10.036523'),(334,2,8,98,48,'2017-08-20 20:40:47.306033','2017-08-20 20:40:47.306033'),(335,1,21,NULL,33,'2017-08-20 20:40:58.740802','2017-08-20 20:40:58.740802'),(336,2,2,99,61,'2017-08-20 20:41:00.583119','2017-08-20 20:41:00.583119'),(337,1,22,NULL,35,'2017-08-20 20:42:07.326022','2017-08-20 20:42:07.326022'),(338,1,13,NULL,42,'2017-08-20 20:43:27.937936','2017-08-20 20:43:27.937936'),(339,2,28,102,42,'2017-08-20 20:44:23.770564','2017-08-20 20:44:23.770564'),(340,2,19,101,35,'2017-08-20 20:46:46.890151','2017-08-20 20:46:46.890151'),(341,1,2,NULL,61,'2017-08-20 20:47:04.805731','2017-08-20 20:47:04.805731'),(342,1,23,NULL,41,'2017-08-20 20:48:11.347643','2017-08-20 20:48:11.347643'),(343,2,23,100,41,'2017-08-20 20:48:11.377543','2017-08-20 20:48:11.377543'),(344,1,8,NULL,48,'2017-08-20 20:48:27.928196','2017-08-20 20:48:27.928196'),(345,2,2,107,50,'2017-08-20 20:53:26.768067','2017-08-20 20:53:26.768067'),(346,1,28,NULL,42,'2017-08-20 20:53:27.443423','2017-08-20 20:53:27.443423'),(347,2,9,106,45,'2017-08-20 20:54:48.553270','2017-08-20 20:54:48.553270'),(348,2,3,93,28,'2017-08-20 20:54:55.780896','2017-08-20 20:54:55.780896'),(349,1,3,NULL,28,'2017-08-20 20:55:29.585501','2017-08-20 20:55:29.585501'),(350,2,8,104,34,'2017-08-20 20:55:35.634741','2017-08-20 20:55:35.634741'),(351,2,26,108,42,'2017-08-20 20:55:42.618467','2017-08-20 20:55:42.618467'),(352,1,23,NULL,33,'2017-08-20 20:55:58.633767','2017-08-20 20:55:58.633767'),(353,2,11,110,28,'2017-08-20 20:56:49.490185','2017-08-20 20:56:49.490185'),(354,2,12,103,55,'2017-08-20 20:57:13.195605','2017-08-20 20:57:13.195605'),(355,2,20,105,41,'2017-08-20 20:58:56.264894','2017-08-20 20:58:56.264894'),(356,1,9,NULL,45,'2017-08-20 20:59:09.540779','2017-08-20 20:59:09.540779'),(357,1,20,NULL,41,'2017-08-20 20:59:21.037039','2017-08-20 20:59:21.037039'),(358,2,16,113,48,'2017-08-20 20:59:47.881746','2017-08-20 20:59:47.881746'),(359,2,3,114,41,'2017-08-20 21:00:55.099046','2017-08-20 21:00:55.099046'),(360,2,13,111,33,'2017-08-20 21:01:29.456981','2017-08-20 21:01:29.456981'),(361,1,26,NULL,42,'2017-08-20 21:02:02.806576','2017-08-20 21:02:02.806576'),(362,1,2,NULL,50,'2017-08-20 21:02:35.110356','2017-08-20 21:02:35.110356'),(363,2,28,116,50,'2017-08-20 21:02:56.783565','2017-08-20 21:02:56.783565'),(364,2,15,115,39,'2017-08-20 21:03:06.763230','2017-08-20 21:03:06.763230'),(365,1,8,NULL,34,'2017-08-20 21:03:24.319637','2017-08-20 21:03:24.319637'),(366,1,12,NULL,55,'2017-08-20 21:04:40.518496','2017-08-20 21:04:40.518496'),(367,2,5,117,34,'2017-08-20 21:05:01.808626','2017-08-20 21:05:01.808626'),(368,2,12,109,51,'2017-08-20 21:05:26.369756','2017-08-20 21:05:26.369756'),(369,1,19,NULL,35,'2017-08-20 21:05:48.248951','2017-08-20 21:05:48.248951'),(370,2,19,118,35,'2017-08-20 21:05:48.283280','2017-08-20 21:05:48.283280'),(371,1,11,NULL,28,'2017-08-20 21:06:54.545076','2017-08-20 21:06:54.545076'),(372,1,3,NULL,41,'2017-08-20 21:07:15.965575','2017-08-20 21:07:15.965575'),(373,2,26,119,28,'2017-08-20 21:07:52.001443','2017-08-20 21:07:52.001443'),(374,1,15,NULL,42,'2017-08-20 21:08:36.526197','2017-08-20 21:08:36.526197'),(375,1,16,NULL,45,'2017-08-20 21:08:58.231129','2017-08-20 21:08:58.231129'),(376,1,12,NULL,51,'2017-08-20 21:09:50.421715','2017-08-20 21:09:50.421715'),(377,2,2,121,51,'2017-08-20 21:10:37.086942','2017-08-20 21:10:37.086942'),(378,1,5,NULL,34,'2017-08-20 21:13:15.277241','2017-08-20 21:13:15.277241'),(379,1,28,NULL,50,'2017-08-20 21:13:17.712750','2017-08-20 21:13:17.712750'),(380,1,13,NULL,33,'2017-08-20 21:14:02.441117','2017-08-20 21:14:02.441117'),(381,2,15,122,34,'2017-08-20 21:14:05.900468','2017-08-20 21:14:05.900468'),(382,1,26,NULL,38,'2017-08-20 21:15:03.903095','2017-08-20 21:15:03.903095'),(383,3,10,NULL,1,'2017-08-20 21:15:12.129887','2017-08-20 21:15:12.129887'),(384,1,2,NULL,51,'2017-08-20 21:15:17.334182','2017-08-20 21:15:17.334182'),(385,2,11,124,33,'2017-08-20 21:16:01.159666','2017-08-20 21:16:01.159666'),(386,2,17,126,42,'2017-08-20 21:17:01.961854','2017-08-20 21:17:01.961854'),(387,3,10,NULL,1,'2017-08-20 21:17:24.177549','2017-08-20 21:17:24.177549'),(388,2,18,120,45,'2017-08-20 21:17:47.819349','2017-08-20 21:17:47.819349'),(389,3,10,NULL,1,'2017-08-20 21:18:15.964316','2017-08-20 21:18:15.964316'),(390,2,9,125,28,'2017-08-20 21:18:36.827192','2017-08-20 21:18:36.827192'),(391,1,15,NULL,34,'2017-08-20 21:20:07.404770','2017-08-20 21:20:07.404770'),(392,1,17,NULL,42,'2017-08-20 21:21:38.618045','2017-08-20 21:21:38.618045'),(393,1,17,NULL,51,'2017-08-20 21:21:40.031281','2017-08-20 21:21:40.031281'),(394,2,2,130,51,'2017-08-20 21:22:19.186280','2017-08-20 21:22:19.186280'),(395,1,11,NULL,32,'2017-08-20 21:23:00.217810','2017-08-20 21:23:00.217810'),(396,1,11,NULL,33,'2017-08-20 21:23:02.011752','2017-08-20 21:23:02.011752'),(397,2,21,129,34,'2017-08-20 21:23:07.333176','2017-08-20 21:23:07.333176'),(398,1,19,NULL,55,'2017-08-20 21:23:38.212399','2017-08-20 21:23:38.212399'),(399,1,9,NULL,28,'2017-08-20 21:24:55.128216','2017-08-20 21:24:55.128216'),(400,1,18,NULL,45,'2017-08-20 21:25:39.391627','2017-08-20 21:25:39.391627'),(401,2,9,132,55,'2017-08-20 21:25:45.753131','2017-08-20 21:25:45.753131'),(402,2,3,112,40,'2017-08-20 21:27:41.735182','2017-08-20 21:27:41.735182'),(403,2,12,135,50,'2017-08-20 21:27:49.359859','2017-08-20 21:27:49.359859'),(404,2,14,133,38,'2017-08-20 21:28:41.922817','2017-08-20 21:28:41.922817'),(405,1,2,NULL,42,'2017-08-20 21:29:02.934210','2017-08-20 21:29:02.934210'),(406,1,9,NULL,55,'2017-08-20 21:30:18.316074','2017-08-20 21:30:18.316074'),(407,1,21,NULL,34,'2017-08-20 21:30:48.357198','2017-08-20 21:30:48.357198'),(408,2,18,136,55,'2017-08-20 21:31:33.629452','2017-08-20 21:31:33.629452'),(409,1,12,NULL,45,'2017-08-20 21:31:34.938349','2017-08-20 21:31:34.938349'),(410,2,23,131,33,'2017-08-20 21:32:16.288798','2017-08-20 21:32:16.288798'),(411,2,5,138,45,'2017-08-20 21:32:36.909881','2017-08-20 21:32:36.909881'),(412,2,26,123,30,'2017-08-20 21:33:09.432337','2017-08-20 21:33:09.432337'),(413,1,3,NULL,40,'2017-08-20 21:34:28.051322','2017-08-20 21:34:28.051322'),(414,3,4,NULL,1,'2017-08-20 21:34:48.800120','2017-08-20 21:34:48.800120'),(415,2,21,139,40,'2017-08-20 21:35:10.115809','2017-08-20 21:35:10.115809'),(416,3,22,NULL,1,'2017-08-20 21:35:13.351470','2017-08-20 21:35:13.351470'),(417,1,5,NULL,45,'2017-08-20 21:38:21.271752','2017-08-20 21:38:21.271752'),(418,2,20,128,44,'2017-08-20 21:38:45.967607','2017-08-20 21:38:45.967607'),(419,1,26,NULL,30,'2017-08-20 21:39:16.873159','2017-08-20 21:39:16.873159'),(420,2,26,127,30,'2017-08-20 21:39:16.911568','2017-08-20 21:39:16.911568'),(421,1,18,NULL,55,'2017-08-20 21:39:25.659341','2017-08-20 21:39:25.659341'),(422,2,18,137,34,'2017-08-20 21:39:38.874119','2017-08-20 21:39:38.874119'),(423,2,2,140,50,'2017-08-20 21:39:43.739396','2017-08-20 21:39:43.739396'),(424,2,28,141,30,'2017-08-20 21:40:25.724613','2017-08-20 21:40:25.724613'),(425,1,14,NULL,38,'2017-08-20 21:40:45.612003','2017-08-20 21:40:45.612003'),(426,2,7,134,48,'2017-08-20 21:41:09.135198','2017-08-20 21:41:09.135198'),(427,1,21,NULL,40,'2017-08-20 21:41:32.283118','2017-08-20 21:41:32.283118'),(428,3,22,NULL,1,'2017-08-20 21:41:38.281053','2017-08-20 21:41:38.281053'),(429,2,13,142,35,'2017-08-20 21:43:22.152327','2017-08-20 21:43:22.152327'),(430,1,2,NULL,45,'2017-08-20 21:44:07.195786','2017-08-20 21:44:07.195786'),(431,1,28,NULL,30,'2017-08-20 21:44:19.716139','2017-08-20 21:44:19.716139'),(432,2,16,147,30,'2017-08-20 21:44:55.961968','2017-08-20 21:44:55.961968'),(433,1,26,NULL,1,'2017-08-20 21:44:59.361068','2017-08-20 21:44:59.361068'),(434,1,23,NULL,32,'2017-08-20 21:45:36.745543','2017-08-20 21:45:36.745543'),(435,1,18,NULL,34,'2017-08-20 21:46:15.331644','2017-08-20 21:46:15.331644'),(436,2,2,151,34,'2017-08-20 21:47:43.026508','2017-08-20 21:47:43.026508'),(437,1,7,NULL,41,'2017-08-20 21:47:56.055173','2017-08-20 21:47:56.055173'),(438,2,18,145,51,'2017-08-20 21:48:00.719378','2017-08-20 21:48:00.719378'),(439,1,13,NULL,35,'2017-08-20 21:49:02.850038','2017-08-20 21:49:02.850038'),(440,1,16,NULL,30,'2017-08-20 21:49:32.495194','2017-08-20 21:49:32.495194'),(441,2,16,148,30,'2017-08-20 21:49:32.535487','2017-08-20 21:49:32.535487'),(442,2,3,152,48,'2017-08-20 21:49:36.741967','2017-08-20 21:49:36.741967'),(443,2,24,153,35,'2017-08-20 21:50:38.136055','2017-08-20 21:50:38.136055'),(444,2,19,146,42,'2017-08-20 21:50:59.585552','2017-08-20 21:50:59.585552'),(445,1,2,NULL,34,'2017-08-20 21:53:04.871542','2017-08-20 21:53:04.871542'),(446,1,20,NULL,44,'2017-08-20 21:53:20.922318','2017-08-20 21:53:20.922318'),(447,2,23,154,34,'2017-08-20 21:53:58.229843','2017-08-20 21:53:58.229843'),(448,1,18,NULL,51,'2017-08-20 21:54:34.433647','2017-08-20 21:54:34.433647'),(449,1,16,NULL,1,'2017-08-20 21:54:37.467120','2017-08-20 21:54:37.467120'),(450,2,16,144,39,'2017-08-20 21:54:49.631852','2017-08-20 21:54:49.631852'),(451,2,8,150,31,'2017-08-20 21:54:56.297131','2017-08-20 21:54:56.297131'),(452,3,22,NULL,1,'2017-08-20 21:55:21.307563','2017-08-20 21:55:21.307563'),(453,3,25,NULL,1,'2017-08-20 21:55:25.935827','2017-08-20 21:55:25.935827'),(454,1,24,NULL,35,'2017-08-20 21:55:49.326125','2017-08-20 21:55:49.326125'),(455,2,14,156,51,'2017-08-20 21:55:53.130600','2017-08-20 21:55:53.130600'),(456,1,19,NULL,42,'2017-08-20 21:57:51.624130','2017-08-20 21:57:51.624130'),(457,1,3,NULL,48,'2017-08-20 21:58:26.100389','2017-08-20 21:58:26.100389'),(458,3,25,NULL,1,'2017-08-20 21:59:25.161717','2017-08-20 21:59:25.161717'),(459,1,25,NULL,1,'2017-08-20 21:59:41.863662','2017-08-20 21:59:41.863662'),(460,2,25,155,1,'2017-08-20 21:59:53.817761','2017-08-20 21:59:53.817761'),(461,2,9,149,32,'2017-08-20 22:02:06.544241','2017-08-20 22:02:06.544241'),(462,1,23,NULL,34,'2017-08-20 22:02:07.778280','2017-08-20 22:02:07.778280'),(463,2,23,159,34,'2017-08-20 22:02:07.821454','2017-08-20 22:02:07.821454'),(464,1,14,NULL,51,'2017-08-20 22:03:19.242261','2017-08-20 22:03:19.242261'),(465,1,8,NULL,33,'2017-08-20 22:03:33.589206','2017-08-20 22:03:33.589206'),(466,1,16,NULL,39,'2017-08-20 22:04:35.318476','2017-08-20 22:04:35.318476'),(467,1,25,NULL,44,'2017-08-20 22:04:35.706601','2017-08-20 22:04:35.706601'),(468,2,25,158,44,'2017-08-20 22:04:35.751930','2017-08-20 22:04:35.751930'),(469,1,16,NULL,38,'2017-08-20 22:04:36.325721','2017-08-20 22:04:36.325721'),(470,2,18,162,38,'2017-08-20 22:05:09.975433','2017-08-20 22:05:09.975433'),(471,2,5,161,31,'2017-08-20 22:06:11.823261','2017-08-20 22:06:11.823261'),(472,1,23,NULL,42,'2017-08-20 22:07:21.727641','2017-08-20 22:07:21.727641'),(473,2,17,165,50,'2017-08-20 22:07:47.739516','2017-08-20 22:07:47.739516'),(474,1,9,NULL,37,'2017-08-20 22:09:34.249295','2017-08-20 22:09:34.249295'),(475,2,3,163,44,'2017-08-20 22:10:01.664684','2017-08-20 22:10:01.664684'),(476,1,5,NULL,31,'2017-08-20 22:10:19.739003','2017-08-20 22:10:19.739003'),(477,2,5,143,28,'2017-08-20 22:11:06.969522','2017-08-20 22:11:06.969522'),(478,1,25,NULL,35,'2017-08-20 22:12:35.375295','2017-08-20 22:12:35.375295'),(479,2,25,160,35,'2017-08-20 22:12:35.420579','2017-08-20 22:12:35.420579'),(480,2,14,167,33,'2017-08-20 22:12:54.913637','2017-08-20 22:12:54.913637'),(481,1,17,NULL,42,'2017-08-20 22:15:15.333401','2017-08-20 22:15:15.333401'),(482,1,3,NULL,44,'2017-08-20 22:15:42.944318','2017-08-20 22:15:42.944318'),(483,2,23,166,37,'2017-08-20 22:16:26.073665','2017-08-20 22:16:26.073665'),(484,2,8,170,44,'2017-08-20 22:16:30.081432','2017-08-20 22:16:30.081432'),(485,2,12,168,35,'2017-08-20 22:17:20.574309','2017-08-20 22:17:20.574309'),(486,1,18,NULL,39,'2017-08-20 22:17:36.461049','2017-08-20 22:17:36.461049'),(488,2,16,164,34,'2017-08-20 22:19:35.903435','2017-08-20 22:19:35.903435'),(489,2,3,169,42,'2017-08-20 22:20:28.481392','2017-08-20 22:20:28.481392'),(490,1,5,NULL,28,'2017-08-20 22:20:29.624887','2017-08-20 22:20:29.624887'),(491,1,14,NULL,31,'2017-08-20 22:21:05.911605','2017-08-20 22:21:05.911605'),(492,1,12,NULL,35,'2017-08-20 22:21:48.497484','2017-08-20 22:21:48.497484'),(493,2,26,172,28,'2017-08-20 22:22:33.884597','2017-08-20 22:22:33.884597'),(494,1,8,NULL,44,'2017-08-20 22:22:47.349127','2017-08-20 22:22:47.349127'),(495,1,23,NULL,32,'2017-08-20 22:23:16.115172','2017-08-20 22:23:16.115172'),(496,1,16,NULL,34,'2017-08-20 22:24:12.725289','2017-08-20 22:24:12.725289'),(497,2,18,175,34,'2017-08-20 22:24:48.805529','2017-08-20 22:24:48.805529'),(498,1,25,NULL,48,'2017-08-20 22:26:04.782809','2017-08-20 22:26:04.782809'),(499,2,2,174,44,'2017-08-20 22:28:41.135748','2017-08-20 22:28:41.135748'),(500,2,13,176,39,'2017-08-20 22:28:53.077783','2017-08-20 22:28:53.077783'),(501,1,3,NULL,42,'2017-08-20 22:29:06.782678','2017-08-20 22:29:06.782678'),(502,2,16,178,42,'2017-08-20 22:30:07.389408','2017-08-20 22:30:07.389408'),(503,1,26,NULL,28,'2017-08-20 22:30:40.227992','2017-08-20 22:30:40.227992'),(504,2,9,179,28,'2017-08-20 22:34:36.557272','2017-08-20 22:34:36.557272'),(505,1,18,NULL,34,'2017-08-20 22:35:56.825127','2017-08-20 22:35:56.825127'),(506,2,5,180,34,'2017-08-20 22:36:53.096188','2017-08-20 22:36:53.096188'),(507,1,25,NULL,1,'2017-08-20 22:37:02.682393','2017-08-20 22:37:02.682393'),(508,3,2,NULL,1,'2017-08-20 22:37:06.049473','2017-08-20 22:37:06.049473'),(509,3,2,NULL,1,'2017-08-20 22:37:06.234553','2017-08-20 22:37:06.234553'),(510,1,16,NULL,42,'2017-08-20 22:37:21.162810','2017-08-20 22:37:21.162810'),(511,1,16,NULL,51,'2017-08-20 22:37:23.900725','2017-08-20 22:37:23.900725'),(512,2,17,181,44,'2017-08-20 22:38:03.481393','2017-08-20 22:38:03.481393'),(513,1,13,NULL,39,'2017-08-20 22:38:49.303617','2017-08-20 22:38:49.303617'),(514,2,13,173,39,'2017-08-20 22:38:49.353662','2017-08-20 22:38:49.353662'),(515,2,21,157,1,'2017-08-20 22:38:55.663505','2017-08-20 22:38:55.663505'),(516,3,2,NULL,1,'2017-08-20 22:40:30.370291','2017-08-20 22:40:30.370291'),(517,2,18,182,48,'2017-08-20 22:40:42.173287','2017-08-20 22:40:42.173287'),(518,1,9,NULL,28,'2017-08-20 22:41:16.373623','2017-08-20 22:41:16.373623'),(519,3,2,NULL,1,'2017-08-20 22:41:20.064102','2017-08-20 22:41:20.064102'),(520,2,15,183,28,'2017-08-20 22:43:24.993569','2017-08-20 22:43:24.993569'),(521,1,5,NULL,34,'2017-08-20 22:44:18.984814','2017-08-20 22:44:18.984814'),(522,1,13,NULL,32,'2017-08-20 22:45:10.604697','2017-08-20 22:45:10.604697'),(523,1,18,NULL,48,'2017-08-20 22:45:48.677792','2017-08-20 22:45:48.677792'),(524,2,3,186,32,'2017-08-20 22:46:28.512557','2017-08-20 22:46:28.512557'),(525,2,14,187,39,'2017-08-20 22:46:32.389962','2017-08-20 22:46:32.389962'),(526,1,21,NULL,1,'2017-08-20 22:47:16.160972','2017-08-20 22:47:16.160972'),(527,1,2,NULL,1,'2017-08-20 22:48:39.305611','2017-08-20 22:48:39.305611'),(528,1,15,NULL,28,'2017-08-20 22:50:48.790482','2017-08-20 22:50:48.790482'),(529,1,17,NULL,44,'2017-08-20 22:52:31.433301','2017-08-20 22:52:31.433301'),(530,2,13,177,38,'2017-08-20 22:52:34.450884','2017-08-20 22:52:34.450884'),(531,1,3,NULL,32,'2017-08-20 22:52:39.607159','2017-08-20 22:52:39.607159'),(532,2,28,189,1,'2017-08-20 22:52:39.990052','2017-08-20 22:52:39.990052'),(533,2,21,190,28,'2017-08-20 22:54:21.831951','2017-08-20 22:54:21.831951'),(534,1,13,NULL,38,'2017-08-20 22:55:02.304602','2017-08-20 22:55:02.304602'),(535,2,24,191,37,'2017-08-20 22:55:15.943906','2017-08-20 22:55:15.943906'),(536,2,2,193,38,'2017-08-20 22:55:39.256454','2017-08-20 22:55:39.256454'),(537,2,15,188,30,'2017-08-20 22:55:45.758301','2017-08-20 22:55:45.758301'),(538,2,5,184,31,'2017-08-20 22:56:26.071395','2017-08-20 22:56:26.071395'),(539,2,19,192,35,'2017-08-20 23:00:26.651995','2017-08-20 23:00:26.651995'),(540,1,28,NULL,1,'2017-08-20 23:00:54.263778','2017-08-20 23:00:54.263778'),(541,2,3,185,33,'2017-08-20 23:01:28.251347','2017-08-20 23:01:28.251347'),(542,1,15,NULL,30,'2017-08-20 23:01:30.133345','2017-08-20 23:01:30.133345'),(543,2,23,194,1,'2017-08-20 23:01:38.512066','2017-08-20 23:01:38.512066'),(544,1,2,NULL,38,'2017-08-20 23:02:01.684615','2017-08-20 23:02:01.684615'),(545,1,24,NULL,44,'2017-08-20 23:02:45.907381','2017-08-20 23:02:45.907381'),(546,2,18,195,30,'2017-08-20 23:02:51.480130','2017-08-20 23:02:51.480130'),(547,1,14,NULL,39,'2017-08-20 23:03:10.762491','2017-08-20 23:03:10.762491'),(548,2,2,197,44,'2017-08-20 23:03:14.242875','2017-08-20 23:03:14.242875'),(549,1,21,NULL,28,'2017-08-20 23:03:58.823517','2017-08-20 23:03:58.823517'),(550,2,9,196,45,'2017-08-20 23:04:32.622867','2017-08-20 23:04:32.622867'),(551,1,3,NULL,33,'2017-08-20 23:05:56.039662','2017-08-20 23:05:56.039662'),(552,1,23,NULL,1,'2017-08-20 23:06:35.165705','2017-08-20 23:06:35.165705'),(553,1,5,NULL,31,'2017-08-20 23:07:40.012461','2017-08-20 23:07:40.012461'),(554,2,28,200,33,'2017-08-20 23:08:03.677503','2017-08-20 23:08:03.677503'),(555,1,19,NULL,32,'2017-08-20 23:08:11.918359','2017-08-20 23:08:11.918359'),(556,1,19,NULL,35,'2017-08-20 23:08:22.251612','2017-08-20 23:08:22.251612'),(557,2,8,201,31,'2017-08-20 23:08:36.208481','2017-08-20 23:08:36.208481'),(558,2,6,202,32,'2017-08-20 23:09:52.110371','2017-08-20 23:09:52.110371'),(559,1,18,NULL,30,'2017-08-20 23:10:39.208789','2017-08-20 23:10:39.208789'),(560,1,2,NULL,1,'2017-08-20 23:10:52.260581','2017-08-20 23:10:52.260581'),(561,3,6,NULL,1,'2017-08-20 23:10:56.064206','2017-08-20 23:10:56.064206'),(562,3,6,NULL,1,'2017-08-20 23:10:56.240044','2017-08-20 23:10:56.240044'),(563,2,14,203,30,'2017-08-20 23:10:59.493755','2017-08-20 23:10:59.493755'),(564,2,21,198,38,'2017-08-20 23:11:15.001345','2017-08-20 23:11:15.001345'),(565,2,17,204,32,'2017-08-20 23:14:12.471834','2017-08-20 23:14:12.471834'),(566,2,12,199,39,'2017-08-20 23:16:12.076066','2017-08-20 23:16:12.076066'),(567,1,9,NULL,45,'2017-08-20 23:16:12.899252','2017-08-20 23:16:12.899252'),(568,1,28,NULL,33,'2017-08-20 23:16:44.573965','2017-08-20 23:16:44.573965'),(569,2,28,205,45,'2017-08-20 23:17:02.152683','2017-08-20 23:17:02.152683'),(570,2,13,206,33,'2017-08-20 23:17:45.159826','2017-08-20 23:17:45.159826'),(571,1,17,NULL,32,'2017-08-20 23:18:27.294087','2017-08-20 23:18:27.294087'),(572,1,17,NULL,35,'2017-08-20 23:18:29.984101','2017-08-20 23:18:29.984101'),(573,1,8,NULL,31,'2017-08-20 23:19:42.578141','2017-08-20 23:19:42.578141'),(574,1,2,NULL,44,'2017-08-20 23:19:43.995981','2017-08-20 23:19:43.995981'),(575,2,11,207,35,'2017-08-20 23:19:52.088569','2017-08-20 23:19:52.088569'),(576,1,14,NULL,30,'2017-08-20 23:20:23.052736','2017-08-20 23:20:23.052736'),(577,2,5,209,44,'2017-08-20 23:20:32.563594','2017-08-20 23:20:32.563594'),(578,1,21,NULL,38,'2017-08-20 23:22:28.465627','2017-08-20 23:22:28.465627'),(579,1,28,NULL,45,'2017-08-20 23:22:59.106085','2017-08-20 23:22:59.106085'),(580,1,12,NULL,39,'2017-08-20 23:23:06.364924','2017-08-20 23:23:06.364924'),(581,2,15,212,38,'2017-08-20 23:23:13.547682','2017-08-20 23:23:13.547682'),(582,2,16,213,45,'2017-08-20 23:23:56.470672','2017-08-20 23:23:56.470672'),(583,2,2,214,39,'2017-08-20 23:24:04.999946','2017-08-20 23:24:04.999946'),(584,1,5,NULL,44,'2017-08-20 23:27:01.370209','2017-08-20 23:27:01.370209'),(585,1,11,NULL,35,'2017-08-20 23:27:35.589630','2017-08-20 23:27:35.589630'),(586,1,15,NULL,48,'2017-08-20 23:28:23.820213','2017-08-20 23:28:23.820213'),(587,1,2,NULL,39,'2017-08-20 23:29:15.173510','2017-08-20 23:29:15.173510'),(588,2,21,215,44,'2017-08-20 23:29:29.744145','2017-08-20 23:29:29.744145'),(589,1,16,NULL,45,'2017-08-20 23:29:40.057459','2017-08-20 23:29:40.057459'),(590,2,28,217,39,'2017-08-20 23:30:11.074779','2017-08-20 23:30:11.074779'),(591,2,5,208,37,'2017-08-20 23:30:25.966878','2017-08-20 23:30:25.966878'),(592,2,8,211,1,'2017-08-20 23:30:51.063329','2017-08-20 23:30:51.063329'),(593,1,13,NULL,33,'2017-08-20 23:32:44.259513','2017-08-20 23:32:44.259513'),(594,1,5,NULL,37,'2017-08-20 23:34:35.291396','2017-08-20 23:34:35.291396'),(595,1,8,NULL,1,'2017-08-20 23:38:34.941490','2017-08-20 23:38:34.941490'),(596,2,23,210,50,'2017-08-20 23:38:42.878959','2017-08-20 23:38:42.878959'),(597,2,9,221,1,'2017-08-20 23:39:15.245212','2017-08-20 23:39:15.245212'),(598,1,28,NULL,39,'2017-08-20 23:42:07.957100','2017-08-20 23:42:07.957100'),(599,1,21,NULL,44,'2017-08-20 23:42:10.549063','2017-08-20 23:42:10.549063'),(600,2,21,216,44,'2017-08-20 23:42:10.614396','2017-08-20 23:42:10.614396'),(601,2,19,218,33,'2017-08-20 23:42:38.537448','2017-08-20 23:42:38.537448'),(602,2,14,223,44,'2017-08-20 23:42:43.034690','2017-08-20 23:42:43.034690'),(603,1,23,NULL,50,'2017-08-20 23:43:16.564757','2017-08-20 23:43:16.564757'),(604,2,3,224,50,'2017-08-20 23:44:02.985456','2017-08-20 23:44:02.985456'),(605,2,12,219,40,'2017-08-20 23:44:05.867366','2017-08-20 23:44:05.867366'),(606,1,9,NULL,1,'2017-08-20 23:44:24.421332','2017-08-20 23:44:24.421332'),(607,2,5,225,1,'2017-08-20 23:44:54.853716','2017-08-20 23:44:54.853716'),(608,2,7,220,37,'2017-08-20 23:44:58.732885','2017-08-20 23:44:58.732885'),(609,1,7,NULL,37,'2017-08-20 23:45:22.233734','2017-08-20 23:45:22.233734'),(610,2,17,222,39,'2017-08-20 23:49:40.227910','2017-08-20 23:49:40.227910'),(611,1,5,NULL,1,'2017-08-20 23:49:48.682051','2017-08-20 23:49:48.682051'),(612,1,3,NULL,50,'2017-08-20 23:50:56.151762','2017-08-20 23:50:56.151762'),(613,1,19,NULL,33,'2017-08-20 23:51:45.571719','2017-08-20 23:51:45.571719'),(614,1,21,NULL,35,'2017-08-20 23:52:02.755265','2017-08-20 23:52:02.755265'),(615,2,5,227,33,'2017-08-20 23:52:11.826259','2017-08-20 23:52:11.826259'),(616,2,19,226,50,'2017-08-20 23:52:20.361659','2017-08-20 23:52:20.361659'),(617,2,3,228,35,'2017-08-20 23:52:48.905322','2017-08-20 23:52:48.905322'),(618,1,12,NULL,40,'2017-08-20 23:53:09.030277','2017-08-20 23:53:09.030277'),(619,2,11,229,40,'2017-08-20 23:56:05.697386','2017-08-20 23:56:05.697386'),(620,1,19,NULL,50,'2017-08-20 23:57:06.686345','2017-08-20 23:57:06.686345'),(621,1,3,NULL,35,'2017-08-20 23:59:08.926877','2017-08-20 23:59:08.926877'),(622,2,23,230,35,'2017-08-21 00:00:39.075690','2017-08-21 00:00:39.075690'),(623,1,14,NULL,44,'2017-08-21 00:01:11.866602','2017-08-21 00:01:11.866602'),(624,1,5,NULL,33,'2017-08-21 00:01:28.011510','2017-08-21 00:01:28.011510'),(625,1,11,NULL,40,'2017-08-21 00:09:53.727078','2017-08-21 00:09:53.727078'),(626,1,23,NULL,35,'2017-08-21 00:10:10.459051','2017-08-21 00:10:10.459051'),(627,1,17,NULL,39,'2017-08-21 00:11:57.337426','2017-08-21 00:11:57.337426'),(628,2,28,231,35,'2017-08-21 00:12:28.949003','2017-08-21 00:12:28.949003'),(629,2,9,232,39,'2017-08-21 00:15:11.973470','2017-08-21 00:15:11.973470'),(630,1,9,NULL,39,'2017-08-21 00:23:13.555967','2017-08-21 00:23:13.555967'),(631,2,2,233,39,'2017-08-21 00:24:26.015871','2017-08-21 00:24:26.015871'),(632,1,28,NULL,35,'2017-08-21 00:26:40.134116','2017-08-21 00:26:40.134116'),(633,2,17,234,35,'2017-08-21 00:28:05.187772','2017-08-21 00:28:05.187772'),(634,1,2,NULL,28,'2017-08-21 00:34:57.155829','2017-08-21 00:34:57.155829'),(635,2,25,235,39,'2017-08-21 00:35:51.202257','2017-08-21 00:35:51.202257'),(636,1,17,NULL,35,'2017-08-21 00:38:59.589205','2017-08-21 00:38:59.589205'),(637,2,20,236,35,'2017-08-21 00:40:32.701724','2017-08-21 00:40:32.701724'),(638,1,25,NULL,39,'2017-08-21 00:44:19.005895','2017-08-21 00:44:19.005895'),(639,2,21,237,39,'2017-08-21 00:46:19.702301','2017-08-21 00:46:19.702301'),(640,1,20,NULL,35,'2017-08-21 00:55:18.989824','2017-08-21 00:55:18.989824'),(641,1,21,NULL,28,'2017-08-21 00:56:15.172779','2017-08-21 00:56:15.172779'),(642,2,11,238,28,'2017-08-21 00:56:57.908266','2017-08-21 00:56:57.908266'),(643,1,11,NULL,28,'2017-08-21 01:05:02.385380','2017-08-21 01:05:02.385380'),(644,1,29,NULL,1,'2017-09-03 04:55:20.939430','2017-09-03 04:55:20.939430'),(645,1,29,NULL,1,'2017-09-03 04:55:20.958136','2017-09-03 04:55:20.958136'),(646,1,29,NULL,1,'2017-09-03 04:55:20.967718','2017-09-03 04:55:20.967718'),(647,1,29,NULL,1,'2017-09-03 04:55:20.977691','2017-09-03 04:55:20.977691'),(648,1,29,NULL,1,'2017-09-03 04:55:20.982527','2017-09-03 04:55:20.982527'),(649,1,30,NULL,1,'2017-09-03 04:56:40.196949','2017-09-03 04:56:40.196949'),(650,1,30,NULL,1,'2017-09-03 04:56:40.218186','2017-09-03 04:56:40.218186'),(651,1,30,NULL,1,'2017-09-03 04:56:40.228194','2017-09-03 04:56:40.228194'),(652,1,30,NULL,1,'2017-09-03 04:56:40.238410','2017-09-03 04:56:40.238410'),(653,1,30,NULL,1,'2017-09-03 04:56:40.243109','2017-09-03 04:56:40.243109'),(654,3,29,NULL,1,'2017-09-03 04:57:03.851410','2017-09-03 04:57:03.851410'),(655,1,29,NULL,1,'2017-09-03 04:57:05.180844','2017-09-03 04:57:05.180844'),(656,1,31,NULL,1,'2017-09-03 05:00:37.241106','2017-09-03 05:00:37.241106'),(657,1,31,NULL,1,'2017-09-03 05:00:37.254598','2017-09-03 05:00:37.254598'),(658,1,31,NULL,1,'2017-09-03 05:00:37.264511','2017-09-03 05:00:37.264511'),(659,1,31,NULL,1,'2017-09-03 05:00:37.274359','2017-09-03 05:00:37.274359'),(660,1,31,NULL,1,'2017-09-03 05:00:37.278809','2017-09-03 05:00:37.278809'),(661,1,32,NULL,1,'2017-09-05 01:44:39.757108','2017-09-05 01:44:39.757108'),(662,1,32,NULL,1,'2017-09-05 01:44:39.830831','2017-09-05 01:44:39.830831'),(663,1,32,NULL,1,'2017-09-05 01:44:39.901050','2017-09-05 01:44:39.901050'),(664,1,32,NULL,1,'2017-09-05 01:44:39.971455','2017-09-05 01:44:39.971455'),(665,1,32,NULL,1,'2017-09-05 01:44:40.035454','2017-09-05 01:44:40.035454'),(666,1,33,NULL,1,'2017-09-05 01:45:19.523220','2017-09-05 01:45:19.523220'),(667,1,33,NULL,1,'2017-09-05 01:45:19.597257','2017-09-05 01:45:19.597257'),(668,1,33,NULL,1,'2017-09-05 01:45:19.666718','2017-09-05 01:45:19.666718'),(669,1,33,NULL,1,'2017-09-05 01:45:19.736701','2017-09-05 01:45:19.736701'),(670,1,33,NULL,1,'2017-09-05 01:45:19.800769','2017-09-05 01:45:19.800769'),(671,1,34,NULL,1,'2017-09-05 01:45:49.389591','2017-09-05 01:45:49.389591'),(672,1,34,NULL,1,'2017-09-05 01:45:49.463698','2017-09-05 01:45:49.463698'),(673,1,34,NULL,1,'2017-09-05 01:45:49.533814','2017-09-05 01:45:49.533814'),(674,1,34,NULL,1,'2017-09-05 01:45:49.603917','2017-09-05 01:45:49.603917'),(675,1,34,NULL,1,'2017-09-05 01:45:49.668018','2017-09-05 01:45:49.668018'),(676,1,35,NULL,1,'2017-09-05 01:46:20.957331','2017-09-05 01:46:20.957331'),(677,1,35,NULL,1,'2017-09-05 01:46:21.033190','2017-09-05 01:46:21.033190'),(678,1,35,NULL,1,'2017-09-05 01:46:21.104462','2017-09-05 01:46:21.104462'),(679,1,35,NULL,1,'2017-09-05 01:46:21.180675','2017-09-05 01:46:21.180675'),(680,1,35,NULL,1,'2017-09-05 01:46:21.250413','2017-09-05 01:46:21.250413'),(681,1,36,NULL,1,'2017-09-05 01:46:50.414882','2017-09-05 01:46:50.414882'),(682,1,36,NULL,1,'2017-09-05 01:46:50.490279','2017-09-05 01:46:50.490279'),(683,1,36,NULL,1,'2017-09-05 01:46:50.561271','2017-09-05 01:46:50.561271'),(684,1,36,NULL,1,'2017-09-05 01:46:50.631261','2017-09-05 01:46:50.631261'),(685,1,36,NULL,1,'2017-09-05 01:46:50.696034','2017-09-05 01:46:50.696034'),(686,1,37,NULL,1,'2017-09-05 01:47:31.229961','2017-09-05 01:47:31.229961'),(687,1,37,NULL,1,'2017-09-05 01:47:31.305141','2017-09-05 01:47:31.305141'),(688,1,37,NULL,1,'2017-09-05 01:47:31.377597','2017-09-05 01:47:31.377597'),(689,1,37,NULL,1,'2017-09-05 01:47:31.448245','2017-09-05 01:47:31.448245'),(690,1,37,NULL,1,'2017-09-05 01:47:31.512344','2017-09-05 01:47:31.512344'),(691,2,30,239,41,'2017-09-08 03:18:23.478062','2017-09-08 03:18:23.478062'),(692,2,29,240,41,'2017-09-08 03:18:23.677620','2017-09-08 03:18:23.677620'),(693,2,31,241,41,'2017-09-08 03:18:23.874205','2017-09-08 03:18:23.874205'),(694,2,32,242,41,'2017-09-08 03:18:24.069395','2017-09-08 03:18:24.069395'),(695,2,33,243,41,'2017-09-08 03:18:24.277182','2017-09-08 03:18:24.277182'),(696,2,34,244,41,'2017-09-08 03:18:24.496085','2017-09-08 03:18:24.496085'),(697,2,35,245,41,'2017-09-08 03:18:24.708347','2017-09-08 03:18:24.708347'),(698,2,36,246,41,'2017-09-08 03:18:24.924912','2017-09-08 03:18:24.924912'),(699,2,37,247,41,'2017-09-08 03:18:25.159502','2017-09-08 03:18:25.159502'),(700,1,35,NULL,42,'2017-09-08 03:34:11.372921','2017-09-08 03:34:11.372921'),(701,1,30,NULL,32,'2017-09-08 03:37:26.410470','2017-09-08 03:37:26.410470'),(702,2,30,248,32,'2017-09-08 03:37:26.577911','2017-09-08 03:37:26.577911'),(703,2,35,249,32,'2017-09-08 03:37:26.839552','2017-09-08 03:37:26.839552'),(704,1,30,NULL,35,'2017-09-08 03:37:33.401050','2017-09-08 03:37:33.401050'),(705,1,29,NULL,44,'2017-09-08 03:40:23.761379','2017-09-08 03:40:23.761379'),(706,2,30,250,44,'2017-09-08 03:40:24.092087','2017-09-08 03:40:24.092087'),(707,1,32,NULL,40,'2017-09-08 03:42:40.310090','2017-09-08 03:42:40.310090'),(708,2,29,251,40,'2017-09-08 03:42:40.655268','2017-09-08 03:42:40.655268'),(709,1,37,NULL,30,'2017-09-08 03:45:31.211009','2017-09-08 03:45:31.211009'),(710,2,32,252,30,'2017-09-08 03:45:31.560020','2017-09-08 03:45:31.560020'),(711,1,36,NULL,38,'2017-09-08 03:46:19.846847','2017-09-08 03:46:19.846847'),(712,2,37,253,38,'2017-09-08 03:46:20.200256','2017-09-08 03:46:20.200256'),(713,2,36,250,44,'2017-09-08 03:48:48.549380','2017-09-08 03:48:48.549380'),(714,1,35,NULL,35,'2017-09-08 03:50:17.682947','2017-09-08 03:50:17.682947'),(715,1,29,NULL,40,'2017-09-08 03:52:35.680919','2017-09-08 03:52:35.680919'),(716,2,29,254,40,'2017-09-08 03:52:35.846964','2017-09-08 03:52:35.846964'),(717,2,35,255,40,'2017-09-08 03:52:36.118327','2017-09-08 03:52:36.118327'),(718,1,34,NULL,69,'2017-09-08 03:54:28.567697','2017-09-08 03:54:28.567697'),(719,1,33,NULL,67,'2017-09-08 03:55:21.974041','2017-09-08 03:55:21.974041'),(720,2,33,256,67,'2017-09-08 03:55:22.148621','2017-09-08 03:55:22.148621'),(721,2,34,257,67,'2017-09-08 03:55:22.433118','2017-09-08 03:55:22.433118'),(722,1,31,NULL,31,'2017-09-08 03:59:10.191853','2017-09-08 03:59:10.191853'),(723,1,32,NULL,62,'2017-09-08 04:03:26.809266','2017-09-08 04:03:26.809266'),(724,2,32,258,62,'2017-09-08 04:03:26.980894','2017-09-08 04:03:26.980894'),(725,2,31,259,62,'2017-09-08 04:03:27.269110','2017-09-08 04:03:27.269110'),(726,1,30,NULL,42,'2017-09-08 04:04:24.688649','2017-09-08 04:04:24.688649'),(727,1,37,NULL,39,'2017-09-08 04:04:29.507557','2017-09-08 04:04:29.507557'),(728,2,37,260,39,'2017-09-08 04:04:29.683030','2017-09-08 04:04:29.683030'),(729,2,30,261,39,'2017-09-08 04:04:30.004733','2017-09-08 04:04:30.004733'),(730,1,29,NULL,35,'2017-09-08 04:05:20.404688','2017-09-08 04:05:20.404688'),(731,1,35,NULL,40,'2017-09-08 04:05:59.897645','2017-09-08 04:05:59.897645'),(732,1,36,NULL,37,'2017-09-08 04:10:50.772121','2017-09-08 04:10:50.772121'),(733,2,36,262,37,'2017-09-08 04:10:50.945998','2017-09-08 04:10:50.945998'),(734,2,35,264,37,'2017-09-08 04:10:51.237907','2017-09-08 04:10:51.237907'),(735,1,33,NULL,69,'2017-09-08 04:15:08.348732','2017-09-08 04:15:08.348732'),(736,2,33,263,69,'2017-09-08 04:15:08.523945','2017-09-08 04:15:08.523945'),(737,2,29,265,69,'2017-09-08 04:15:08.819890','2017-09-08 04:15:08.819890'),(738,1,34,NULL,50,'2017-09-08 04:16:11.192217','2017-09-08 04:16:11.192217'),(739,1,37,NULL,45,'2017-09-08 04:18:43.430884','2017-09-08 04:18:43.430884'),(740,2,37,266,45,'2017-09-08 04:18:43.606087','2017-09-08 04:18:43.606087'),(741,2,34,267,45,'2017-09-08 04:18:43.909585','2017-09-08 04:18:43.909585'),(742,1,32,NULL,31,'2017-09-08 04:21:10.922623','2017-09-08 04:21:10.922623'),(743,1,35,NULL,44,'2017-09-08 04:17:44.218495','2017-09-08 04:17:44.218495'),(744,2,35,268,44,'2017-09-08 04:17:44.395831','2017-09-08 04:17:44.395831'),(745,2,32,269,44,'2017-09-08 04:17:44.708712','2017-09-08 04:17:44.708712'),(746,1,31,NULL,62,'2017-09-08 04:18:16.631204','2017-09-08 04:18:16.631204'),(747,1,30,NULL,38,'2017-09-08 04:19:21.604581','2017-09-08 04:19:21.604581'),(748,2,30,270,38,'2017-09-08 04:19:21.784832','2017-09-08 04:19:21.784832'),(749,2,31,271,38,'2017-09-08 04:19:22.100121','2017-09-08 04:19:22.100121'),(750,1,29,NULL,69,'2017-09-08 04:20:04.343278','2017-09-08 04:20:04.343278'),(751,2,32,272,69,'2017-09-08 04:20:04.733069','2017-09-08 04:20:04.733069'),(752,1,37,NULL,50,'2017-09-08 04:20:20.028598','2017-09-08 04:20:20.028598'),(753,2,29,273,50,'2017-09-08 04:20:20.457548','2017-09-08 04:20:20.457548'),(754,1,36,NULL,35,'2017-09-08 04:24:54.845316','2017-09-08 04:24:54.845316'),(755,2,36,272,35,'2017-09-08 04:24:55.026925','2017-09-08 04:24:55.026925'),(756,2,37,274,35,'2017-09-08 04:24:55.334474','2017-09-08 04:24:55.334474'),(757,1,29,NULL,67,'2017-09-08 04:30:57.045386','2017-09-08 04:30:57.045386'),(758,1,33,NULL,40,'2017-09-08 04:31:02.961794','2017-09-08 04:31:02.961794'),(759,1,35,NULL,31,'2017-09-08 04:34:53.748194','2017-09-08 04:34:53.748194'),(760,2,29,276,31,'2017-09-08 04:34:54.169867','2017-09-08 04:34:54.169867'),(761,1,34,NULL,45,'2017-09-08 04:36:16.265750','2017-09-08 04:36:16.265750'),(762,2,34,275,45,'2017-09-08 04:36:16.443324','2017-09-08 04:36:16.443324'),(763,1,37,NULL,35,'2017-09-08 04:36:48.095378','2017-09-08 04:36:48.095378'),(764,1,36,NULL,1,'2017-09-08 04:39:20.760371','2017-09-08 04:39:20.760371'),(765,1,32,NULL,44,'2017-09-08 04:41:15.976815','2017-09-08 04:41:15.976815'),(766,2,33,277,44,'2017-09-08 04:41:16.377806','2017-09-08 04:41:16.377806'),(767,1,29,NULL,31,'2017-09-08 04:43:52.885708','2017-09-08 04:43:52.885708'),(768,2,37,278,31,'2017-09-08 04:43:53.286285','2017-09-08 04:43:53.286285'),(769,1,30,NULL,62,'2017-09-08 04:47:34.931783','2017-09-08 04:47:34.931783'),(770,1,31,NULL,48,'2017-09-08 04:50:38.436995','2017-09-08 04:50:38.436995'),(771,1,37,NULL,31,'2017-09-08 04:59:12.685792','2017-09-08 04:59:12.685792'),(772,1,34,NULL,40,'2017-09-08 05:00:41.309124','2017-09-08 05:00:41.309124'),(773,1,33,NULL,44,'2017-09-08 05:03:54.300396','2017-09-08 05:03:54.300396'),(774,2,35,279,41,'2017-09-15 03:04:12.189347','2017-09-15 03:04:12.189347'),(775,2,36,280,41,'2017-09-15 03:04:12.399442','2017-09-15 03:04:12.399442'),(776,2,32,281,41,'2017-09-15 03:04:12.608458','2017-09-15 03:04:12.608458'),(777,2,29,282,41,'2017-09-15 03:04:12.833062','2017-09-15 03:04:12.833062'),(778,2,30,283,41,'2017-09-15 03:04:13.050702','2017-09-15 03:04:13.050702'),(779,2,31,284,41,'2017-09-15 03:04:13.267529','2017-09-15 03:04:13.267529'),(780,2,37,285,41,'2017-09-15 03:04:13.488339','2017-09-15 03:04:13.488339'),(781,2,34,286,41,'2017-09-15 03:04:13.712152','2017-09-15 03:04:13.712152'),(782,3,35,NULL,41,'2017-09-15 03:06:39.758064','2017-09-15 03:06:39.758064'),(783,2,33,287,41,'2017-09-15 03:06:39.973089','2017-09-15 03:06:39.973089'),(784,1,36,NULL,62,'2017-09-15 03:15:57.921281','2017-09-15 03:15:57.921281'),(785,1,29,NULL,48,'2017-09-15 03:25:11.925711','2017-09-15 03:25:11.925711'),(786,2,29,288,48,'2017-09-15 03:25:12.088973','2017-09-15 03:25:12.088973'),(787,2,36,289,48,'2017-09-15 03:25:12.391925','2017-09-15 03:25:12.391925'),(788,1,37,NULL,35,'2017-09-15 03:25:46.329301','2017-09-15 03:25:46.329301'),(789,1,34,NULL,69,'2017-09-15 03:28:45.979300','2017-09-15 03:28:45.979300'),(790,2,34,290,69,'2017-09-15 03:28:46.153624','2017-09-15 03:28:46.153624'),(791,2,37,291,69,'2017-09-15 03:28:46.459480','2017-09-15 03:28:46.459480'),(792,1,31,NULL,59,'2017-09-15 03:29:58.396625','2017-09-15 03:29:58.396625'),(793,1,32,NULL,45,'2017-09-15 03:30:41.808158','2017-09-15 03:30:41.808158'),(794,2,32,292,45,'2017-09-15 03:30:41.983188','2017-09-15 03:30:41.983188'),(795,2,31,293,45,'2017-09-15 03:30:42.293406','2017-09-15 03:30:42.293406'),(796,1,30,NULL,50,'2017-09-15 03:30:50.386010','2017-09-15 03:30:50.386010'),(797,1,29,NULL,62,'2017-09-15 03:35:56.404604','2017-09-15 03:35:56.404604'),(798,2,29,294,62,'2017-09-15 03:35:56.581983','2017-09-15 03:35:56.581983'),(799,2,30,295,62,'2017-09-15 03:35:56.891547','2017-09-15 03:35:56.891547'),(800,1,37,NULL,73,'2017-09-15 03:42:43.391331','2017-09-15 03:42:43.391331'),(801,1,31,NULL,45,'2017-09-15 03:46:11.351939','2017-09-15 03:46:11.351939'),(802,2,31,296,45,'2017-09-15 03:46:11.556869','2017-09-15 03:46:11.556869'),(803,2,37,297,45,'2017-09-15 03:46:11.869335','2017-09-15 03:46:11.869335'),(804,1,34,NULL,66,'2017-09-15 03:48:44.801137','2017-09-15 03:48:44.801137'),(805,1,29,NULL,50,'2017-09-15 03:52:37.945624','2017-09-15 03:52:37.945624'),(806,2,29,298,50,'2017-09-15 03:52:38.136715','2017-09-15 03:52:38.136715'),(807,2,34,299,50,'2017-09-15 03:52:38.529096','2017-09-15 03:52:38.529096'),(808,1,30,NULL,62,'2017-09-15 03:55:03.884992','2017-09-15 03:55:03.884992'),(809,1,36,NULL,48,'2017-09-15 03:55:22.100937','2017-09-15 03:55:22.100937'),(810,2,30,301,48,'2017-09-15 03:55:22.540229','2017-09-15 03:55:22.540229'),(811,1,32,NULL,59,'2017-09-15 03:59:12.708404','2017-09-15 03:59:12.708404'),(812,2,32,300,59,'2017-09-15 03:59:12.888127','2017-09-15 03:59:12.888127'),(813,2,36,302,59,'2017-09-15 03:59:13.219768','2017-09-15 03:59:13.219768'),(814,1,37,NULL,45,'2017-09-15 03:59:48.196646','2017-09-15 03:59:48.196646'),(815,1,31,NULL,69,'2017-09-15 04:04:19.235057','2017-09-15 04:04:19.235057'),(816,1,33,NULL,1,'2017-09-15 04:04:44.526555','2017-09-15 04:04:44.526555'),(817,2,33,303,1,'2017-09-15 04:04:44.710085','2017-09-15 04:04:44.710085'),(818,2,37,305,1,'2017-09-15 04:04:45.101135','2017-09-15 04:04:45.101135'),(819,1,29,NULL,67,'2017-09-15 04:04:51.662219','2017-09-15 04:04:51.662219'),(820,2,29,304,67,'2017-09-15 04:04:51.853232','2017-09-15 04:04:51.853232'),(821,2,31,306,67,'2017-09-15 04:04:52.216460','2017-09-15 04:04:52.216460'),(822,1,34,NULL,50,'2017-09-15 04:12:15.567447','2017-09-15 04:12:15.567447'),(823,1,32,NULL,62,'2017-09-15 04:12:48.929254','2017-09-15 04:12:48.929254'),(824,2,32,307,62,'2017-09-15 04:12:49.118613','2017-09-15 04:12:49.118613'),(825,2,34,308,62,'2017-09-15 04:12:49.480589','2017-09-15 04:12:49.480589'),(826,1,31,NULL,67,'2017-09-15 04:19:15.587314','2017-09-15 04:19:15.587314'),(827,1,37,NULL,1,'2017-09-15 04:19:17.868790','2017-09-15 04:19:17.868790'),(828,2,31,309,1,'2017-09-15 04:19:18.302701','2017-09-15 04:19:18.302701'),(829,1,36,NULL,59,'2017-09-15 04:20:21.380616','2017-09-15 04:20:21.380616'),(830,2,37,310,59,'2017-09-15 04:20:21.841386','2017-09-15 04:20:21.841386'),(831,1,29,NULL,69,'2017-09-15 04:23:40.065993','2017-09-15 04:23:40.065993'),(832,1,33,NULL,45,'2017-09-15 04:25:38.954335','2017-09-15 04:25:38.954335'),(833,2,36,311,45,'2017-09-15 04:25:39.443674','2017-09-15 04:25:39.443674'),(834,1,30,NULL,48,'2017-09-15 04:29:10.650104','2017-09-15 04:29:10.650104'),(835,2,33,312,48,'2017-09-15 04:29:11.108906','2017-09-15 04:29:11.108906'),(836,1,34,NULL,62,'2017-09-15 04:30:14.144293','2017-09-15 04:30:14.144293'),(837,1,32,NULL,50,'2017-09-15 04:38:24.390962','2017-09-15 04:38:24.390962'),(838,1,37,NULL,59,'2017-09-15 04:40:17.305450','2017-09-15 04:40:17.305450'),(839,1,36,NULL,45,'2017-09-15 04:41:06.658465','2017-09-15 04:41:06.658465'),(840,1,31,NULL,1,'2017-09-15 04:44:35.438668','2017-09-15 04:44:35.438668'),(841,2,29,313,1,'2017-09-15 04:44:35.957311','2017-09-15 04:44:35.957311'),(842,1,29,NULL,1,'2017-09-15 04:51:56.459748','2017-09-15 04:51:56.459748'),(843,2,30,314,1,'2017-09-15 04:51:56.951560','2017-09-15 04:51:56.951560'),(844,1,33,NULL,48,'2017-09-15 04:56:54.073140','2017-09-15 04:56:54.073140'),(845,1,30,NULL,1,'2017-09-15 05:11:59.281827','2017-09-15 05:11:59.281827'),(846,2,34,315,41,'2017-09-22 03:01:31.526540','2017-09-22 03:01:31.526540'),(847,2,32,316,41,'2017-09-22 03:01:31.818164','2017-09-22 03:01:31.818164'),(848,2,37,317,41,'2017-09-22 03:01:32.099370','2017-09-22 03:01:32.099370'),(849,2,36,318,41,'2017-09-22 03:01:32.382329','2017-09-22 03:01:32.382329'),(850,2,31,319,41,'2017-09-22 03:01:32.673204','2017-09-22 03:01:32.673204'),(851,2,29,320,41,'2017-09-22 03:01:32.965344','2017-09-22 03:01:32.965344'),(852,2,33,321,41,'2017-09-22 03:01:33.262891','2017-09-22 03:01:33.262891'),(853,2,30,322,41,'2017-09-22 03:01:33.558316','2017-09-22 03:01:33.558316'),(854,1,37,NULL,66,'2017-09-22 03:14:23.143929','2017-09-22 03:14:23.143929'),(855,2,37,323,66,'2017-09-22 03:14:23.362446','2017-09-22 03:14:23.362446'),(856,3,29,NULL,41,'2017-09-22 03:14:59.975839','2017-09-22 03:14:59.975839'),(857,1,34,NULL,48,'2017-09-22 03:18:20.293249','2017-09-22 03:18:20.293249'),(858,2,34,324,48,'2017-09-22 03:18:20.512767','2017-09-22 03:18:20.512767'),(859,1,36,NULL,35,'2017-09-22 03:22:04.772477','2017-09-22 03:22:04.772477'),(860,2,36,325,35,'2017-09-22 03:22:04.993988','2017-09-22 03:22:04.993988'),(861,1,32,NULL,44,'2017-09-22 03:27:19.320334','2017-09-22 03:27:19.320334'),(862,2,32,326,44,'2017-09-22 03:27:19.539145','2017-09-22 03:27:19.539145'),(863,1,30,NULL,45,'2017-09-22 03:27:53.052500','2017-09-22 03:27:53.052500'),(864,2,30,327,45,'2017-09-22 03:27:53.287201','2017-09-22 03:27:53.287201'),(865,1,31,NULL,38,'2017-09-22 03:30:56.992697','2017-09-22 03:30:56.992697'),(866,2,31,328,38,'2017-09-22 03:30:57.211785','2017-09-22 03:30:57.211785'),(867,1,33,NULL,53,'2017-09-22 03:31:49.495546','2017-09-22 03:31:49.495546'),(868,2,33,329,53,'2017-09-22 03:31:49.732189','2017-09-22 03:31:49.732189'),(869,1,37,NULL,50,'2017-09-22 03:34:23.844255','2017-09-22 03:34:23.844255'),(870,2,37,330,50,'2017-09-22 03:34:24.072576','2017-09-22 03:34:24.072576'),(871,1,34,NULL,69,'2017-09-22 03:37:58.048611','2017-09-22 03:37:58.048611'),(872,2,34,331,69,'2017-09-22 03:37:58.278477','2017-09-22 03:37:58.278477'),(873,1,36,NULL,66,'2017-09-22 03:38:17.111290','2017-09-22 03:38:17.111290'),(874,2,36,332,66,'2017-09-22 03:38:17.341962','2017-09-22 03:38:17.341962'),(875,1,31,NULL,35,'2017-09-22 03:43:50.861679','2017-09-22 03:43:50.861679'),(876,2,31,333,35,'2017-09-22 03:43:51.104087','2017-09-22 03:43:51.104087'),(877,1,32,NULL,76,'2017-09-22 03:46:40.089809','2017-09-22 03:46:40.089809'),(878,2,32,334,76,'2017-09-22 03:46:40.328305','2017-09-22 03:46:40.328305'),(879,1,37,NULL,32,'2017-09-22 03:51:34.719815','2017-09-22 03:51:34.719815'),(880,2,37,336,32,'2017-09-22 03:51:34.959214','2017-09-22 03:51:34.959214'),(881,1,36,NULL,53,'2017-09-22 03:52:20.933538','2017-09-22 03:52:20.933538'),(882,2,36,337,53,'2017-09-22 03:52:21.178182','2017-09-22 03:52:21.178182'),(883,1,30,NULL,48,'2017-09-22 03:52:38.340347','2017-09-22 03:52:38.340347'),(884,2,30,335,48,'2017-09-22 03:52:38.577615','2017-09-22 03:52:38.577615'),(885,1,31,NULL,50,'2017-09-22 03:59:54.790148','2017-09-22 03:59:54.790148'),(886,2,31,338,50,'2017-09-22 03:59:55.075901','2017-09-22 03:59:55.075901'),(887,1,32,NULL,59,'2017-09-22 04:02:45.443454','2017-09-22 04:02:45.443454'),(888,2,32,339,59,'2017-09-22 04:02:45.688221','2017-09-22 04:02:45.688221'),(889,1,33,NULL,44,'2017-09-22 04:02:50.452414','2017-09-22 04:02:50.452414'),(890,2,33,340,44,'2017-09-22 04:02:50.791589','2017-09-22 04:02:50.791589'),(891,1,34,NULL,38,'2017-09-22 04:05:37.963334','2017-09-22 04:05:37.963334'),(893,1,34,NULL,34,'2017-09-22 04:06:04.112962','2017-09-22 04:06:04.112962'),(894,2,34,343,34,'2017-09-22 04:06:04.366154','2017-09-22 04:06:04.366154'),(895,1,36,NULL,73,'2017-09-22 04:09:02.987037','2017-09-22 04:09:02.987037'),(896,2,36,342,73,'2017-09-22 04:09:03.242181','2017-09-22 04:09:03.242181'),(897,1,37,NULL,39,'2017-09-22 04:10:42.576163','2017-09-22 04:10:42.576163'),(898,2,37,344,39,'2017-09-22 04:10:42.832155','2017-09-22 04:10:42.832155'),(899,1,30,NULL,66,'2017-09-22 04:11:04.974329','2017-09-22 04:11:04.974329'),(900,2,30,345,66,'2017-09-22 04:11:05.234942','2017-09-22 04:11:05.234942');
/*!40000 ALTER TABLE `machinestatus` ENABLE KEYS */;
UNLOCK TABLES;

--
-- Table structure for table `season`
--

DROP TABLE IF EXISTS `season`;
/*!40101 SET @saved_cs_client     = @@character_set_client */;
/*!40101 SET character_set_client = utf8 */;
CREATE TABLE `season` (
  `id` int(11) NOT NULL AUTO_INCREMENT,
  `status` int(11) NOT NULL,
  `name` varchar(255) COLLATE utf8_unicode_ci NOT NULL,
  `created_at` int(11) DEFAULT NULL,
  `updated_at` int(11) DEFAULT NULL,
  `previous_season_id` int(11) DEFAULT NULL,
  PRIMARY KEY (`id`),
  KEY `previous_season_key` (`previous_season_id`),
  CONSTRAINT `previous_season_key` FOREIGN KEY (`previous_season_id`) REFERENCES `season` (`id`)
) ENGINE=InnoDB AUTO_INCREMENT=3 DEFAULT CHARSET=utf8 COLLATE=utf8_unicode_ci;
/*!40101 SET character_set_client = @saved_cs_client */;

--
-- Dumping data for table `season`
--

LOCK TABLES `season` WRITE;
/*!40000 ALTER TABLE `season` DISABLE KEYS */;
INSERT INTO `season` VALUES (1,2,'BAPA 2017 Spring Season',1503120302,1503120302,NULL),(2,1,'BAPA 2017 Fall Season',1504574100,1504574100,1);
/*!40000 ALTER TABLE `season` ENABLE KEYS */;
UNLOCK TABLES;

--
-- Table structure for table `session`
--

DROP TABLE IF EXISTS `session`;
/*!40101 SET @saved_cs_client     = @@character_set_client */;
/*!40101 SET character_set_client = utf8 */;
CREATE TABLE `session` (
  `id` int(11) NOT NULL AUTO_INCREMENT,
  `type` int(11) NOT NULL,
  `status` int(11) NOT NULL,
  `playoff_division` varchar(20) COLLATE utf8_unicode_ci DEFAULT NULL,
  `season_id` int(11) NOT NULL,
  `location_id` int(11) NOT NULL,
  `name` varchar(255) COLLATE utf8_unicode_ci NOT NULL,
  `date` int(11) DEFAULT NULL,
  `created_at` int(11) DEFAULT NULL,
  `updated_at` int(11) DEFAULT NULL,
  PRIMARY KEY (`id`),
  KEY `season_key` (`season_id`),
  KEY `location_key` (`location_id`),
  CONSTRAINT `session_ibfk_1` FOREIGN KEY (`season_id`) REFERENCES `season` (`id`),
  CONSTRAINT `session_ibfk_2` FOREIGN KEY (`location_id`) REFERENCES `location` (`id`)
) ENGINE=InnoDB AUTO_INCREMENT=6 DEFAULT CHARSET=utf8 COLLATE=utf8_unicode_ci;
/*!40101 SET character_set_client = @saved_cs_client */;

--
-- Dumping data for table `session`
--

LOCK TABLES `session` WRITE;
/*!40000 ALTER TABLE `session` DISABLE KEYS */;
INSERT INTO `session` VALUES (1,2,2,'A',1,1,'Playoffs A',1503187200,1503249894,1503278048),(2,2,2,'B',1,1,'Playoffs B',1503187200,1503249954,1503278020),(3,1,2,'',2,2,'Week 1',1504839176,1504574115,1504847074),(4,1,2,NULL,2,2,'Week 2',1505372400,1505429127,1505452341),(5,1,1,NULL,2,2,'Week 3',1505977200,1505448147,1506049293);
/*!40000 ALTER TABLE `session` ENABLE KEYS */;
UNLOCK TABLES;

--
-- Table structure for table `match`
--

DROP TABLE IF EXISTS `match`;
/*!40101 SET @saved_cs_client     = @@character_set_client */;
/*!40101 SET character_set_client = utf8 */;
CREATE TABLE `match` (
  `id` int(11) NOT NULL AUTO_INCREMENT,
  `session_id` int(11) NOT NULL,
  `code` varchar(255) COLLATE utf8_unicode_ci NOT NULL,
  `format` int(11) NOT NULL,
  `status` int(11) NOT NULL,
  `created_at` int(11) DEFAULT NULL,
  `updated_at` int(11) DEFAULT NULL,
  PRIMARY KEY (`id`),
  KEY `session_key` (`session_id`),
  CONSTRAINT `match_ibfk_1` FOREIGN KEY (`session_id`) REFERENCES `session` (`id`)
) ENGINE=InnoDB AUTO_INCREMENT=104 DEFAULT CHARSET=utf8 COLLATE=utf8_unicode_ci;
/*!40101 SET character_set_client = @saved_cs_client */;

--
-- Dumping data for table `match`
--

LOCK TABLES `match` WRITE;
/*!40000 ALTER TABLE `match` DISABLE KEYS */;
INSERT INTO `match` VALUES (1,1,'D004',5,3,1503252939,1503259280),(2,1,'D005',5,3,1503252939,1503255396),(3,1,'D006',5,3,1503252939,1503255160),(4,1,'D007',5,3,1503252939,1503255616),(5,1,'C000',5,3,1503252939,1503258357),(6,1,'C001',5,3,1503252939,1503259123),(7,1,'C002',5,3,1503252939,1503258313),(8,1,'C003',5,3,1503252939,1503262024),(9,1,'C004',1,3,1503252939,1503264007),(10,1,'C005',1,3,1503252939,1503260088),(11,1,'C006',1,3,1503252939,1503262558),(12,1,'C007',1,3,1503252939,1503260230),(13,1,'B000',5,3,1503252939,1503265165),(14,1,'B001',5,3,1503252939,1503263148),(15,1,'B004',1,3,1503252939,1503266675),(16,1,'B005',1,3,1503252939,1503265536),(17,1,'B008',1,3,1503252939,1503265575),(18,1,'B009',1,3,1503252939,1503265292),(19,1,'B002',1,3,1503252939,1503267796),(20,1,'B003',1,3,1503252939,1503267767),(21,1,'B006',1,3,1503252939,1503267665),(22,1,'B007',1,3,1503252939,1503269059),(23,1,'A000',5,3,1503252939,1503267708),(24,1,'A002',1,3,1503252939,1503269559),(25,1,'A004',1,3,1503252939,1503271184),(26,1,'A006',1,3,1503252939,1503271182),(27,1,'A008',1,3,1503252939,1503271964),(28,1,'A010',1,3,1503252939,1503266527),(29,1,'A001',1,3,1503252939,1503271655),(30,1,'A003',1,3,1503252939,1503272722),(31,1,'A005',1,3,1503252939,1503273671),(32,1,'A007',1,3,1503252939,1503273688),(33,1,'A009',1,3,1503252939,1503274193),(34,1,'ZFINAL',7,3,1503252939,1503276919),(35,2,'D002',5,3,1503253369,1503255833),(36,2,'D003',5,3,1503253369,1503256327),(37,2,'D004',5,3,1503253369,1503256322),(38,2,'D005',5,3,1503253369,1503255005),(39,2,'D006',5,3,1503253369,1503255450),(40,2,'D007',5,3,1503253369,1503256235),(41,2,'C000',5,3,1503253369,1503259233),(42,2,'C001',5,3,1503253369,1503256736),(43,2,'C002',5,3,1503253369,1503260878),(44,2,'C003',5,3,1503253369,1503261051),(45,2,'C010',1,3,1503253369,1503256870),(46,2,'C011',1,3,1503253369,1503260170),(47,2,'C004',1,3,1503253369,1503262407),(48,2,'C005',1,3,1503253369,1503262107),(49,2,'C006',1,3,1503253369,1503259327),(50,2,'C007',1,3,1503253369,1503260441),(51,2,'B000',5,3,1503253369,1503265245),(52,2,'B001',5,3,1503253369,1503263235),(53,2,'B004',1,3,1503253369,1503263316),(54,2,'B005',1,3,1503253369,1503264339),(55,2,'B008',1,3,1503253369,1503263717),(56,2,'B009',1,3,1503253369,1503263597),(57,2,'B002',1,3,1503253369,1503267964),(58,2,'B003',1,3,1503253369,1503267456),(59,2,'B006',1,3,1503253369,1503265447),(60,2,'B007',1,3,1503253369,1503264542),(61,2,'B010',1,3,1503253369,1503265772),(62,2,'B011',1,3,1503253369,1503269236),(63,2,'A000',5,3,1503253369,1503270238),(64,2,'A002',1,3,1503253369,1503270190),(65,2,'A004',1,3,1503253369,1503270121),(66,2,'A006',1,3,1503253369,1503266599),(67,2,'A008',1,3,1503253369,1503267315),(68,2,'A010',1,3,1503253369,1503271223),(69,2,'A012',1,3,1503253369,1503270395),(70,2,'A001',1,3,1503253369,1503272527),(71,2,'A003',1,3,1503253369,1503271703),(72,2,'A005',1,3,1503253369,1503271780),(73,2,'A007',1,3,1503253369,1503268641),(74,2,'A009',1,3,1503253369,1503273426),(75,2,'A011',1,3,1503253369,1503272988),(76,2,'ZFINAL',7,3,1503253369,1503277502),(77,3,'Group 1',3,3,1504840703,1504845408),(78,3,'Group 2',3,3,1504840703,1504847034),(79,3,'Group 3',3,3,1504840703,1504846752),(80,3,'Group 4',3,3,1504840703,1504846841),(81,3,'Group 5',4,3,1504840703,1504845057),(82,3,'Group 6',4,3,1504840703,1504845560),(83,3,'Group 7',4,3,1504840703,1504845376),(84,3,'Group 8',4,3,1504840703,1504846238),(85,3,'Group 9',4,3,1504840703,1504846055),(86,4,'Group 1',3,3,1505444651,1505452319),(87,4,'Group 2',3,3,1505444651,1505449814),(88,4,'Group 3',3,3,1505444651,1505450466),(89,4,'Group 4',4,3,1505444651,1505451414),(90,4,'Group 5',4,3,1505444651,1505450304),(91,4,'Group 6',4,3,1505444651,1505450417),(92,4,'Group 7',4,3,1505444651,1505449155),(93,4,'Group 8',4,3,1505444651,1505449420),(94,5,'Group 1',3,2,1506049291,1506049291),(95,5,'Group 2',3,2,1506049291,1506049291),(96,5,'Group 3',3,2,1506049291,1506049291),(97,5,'Group 4',3,2,1506049291,1506049292),(98,5,'Group 5',4,2,1506049291,1506049292),(99,5,'Group 6',4,2,1506049291,1506049292),(100,5,'Group 7',4,2,1506049291,1506049292),(101,5,'Group 8',4,2,1506049291,1506049293),(102,5,'Group 9',4,2,1506049291,1506049293),(103,5,'Group 10',4,2,1506049291,1506049293);
/*!40000 ALTER TABLE `match` ENABLE KEYS */;
UNLOCK TABLES;

--
-- Table structure for table `game`
--

DROP TABLE IF EXISTS `game`;
/*!40101 SET @saved_cs_client     = @@character_set_client */;
/*!40101 SET character_set_client = utf8 */;
CREATE TABLE `game` (
  `id` int(11) NOT NULL AUTO_INCREMENT,
  `match_id` int(11) NOT NULL,
  `machine_id` int(11) DEFAULT NULL,
  `number` int(11) NOT NULL,
  `status` int(11) NOT NULL,
  `player_order_selector` int(11) DEFAULT NULL,
  `machine_selector` int(11) DEFAULT NULL,
  `master_selector` int(11) DEFAULT NULL COMMENT 'Machine/Player order selector',
  `created_at` int(11) DEFAULT NULL,
  `updated_at` int(11) DEFAULT NULL,
  PRIMARY KEY (`id`),
  KEY `match_key` (`match_id`),
  KEY `machine_key` (`machine_id`),
  KEY `player_order_selector` (`player_order_selector`),
  KEY `machine_selector` (`machine_selector`),
  KEY `master_selector` (`master_selector`),
  CONSTRAINT `game_ibfk_1` FOREIGN KEY (`match_id`) REFERENCES `match` (`id`),
  CONSTRAINT `game_ibfk_2` FOREIGN KEY (`machine_id`) REFERENCES `machine` (`id`),
  CONSTRAINT `game_ibfk_3` FOREIGN KEY (`player_order_selector`) REFERENCES `user` (`id`),
  CONSTRAINT `game_ibfk_4` FOREIGN KEY (`machine_selector`) REFERENCES `user` (`id`),
  CONSTRAINT `game_ibfk_5` FOREIGN KEY (`master_selector`) REFERENCES `user` (`id`)
) ENGINE=InnoDB AUTO_INCREMENT=348 DEFAULT CHARSET=utf8 COLLATE=utf8_unicode_ci;
/*!40101 SET character_set_client = @saved_cs_client */;

--
-- Dumping data for table `game`
--

LOCK TABLES `game` WRITE;
/*!40000 ALTER TABLE `game` DISABLE KEYS */;
INSERT INTO `game` VALUES (1,4,26,1,4,46,55,46,1503252939,1503253992),(2,3,12,1,4,40,33,33,1503252939,1503253825),(3,2,2,1,4,35,31,31,1503252939,1503253944),(4,1,21,1,4,61,34,34,1503252939,1503255204),(5,40,3,1,4,39,51,51,1503253369,1503254340),(6,39,10,1,4,41,30,41,1503253369,1503254067),(7,38,8,1,4,50,49,49,1503253369,1503254128),(8,37,7,1,4,38,53,53,1503253369,1503253993),(9,36,15,1,4,1,42,1,1503253369,1503253966),(10,35,19,1,4,47,48,47,1503253369,1503254203),(11,3,19,2,4,33,40,40,1503253825,1503254515),(12,2,9,2,4,31,35,35,1503253944,1503254342),(13,36,17,2,4,1,42,42,1503253966,1503254522),(14,4,23,2,4,55,46,55,1503253992,1503254447),(15,37,22,2,4,53,38,38,1503253993,1503254699),(16,39,13,2,4,41,30,30,1503254067,1503254386),(17,38,21,2,4,49,50,50,1503254128,1503254632),(18,35,18,2,4,48,47,48,1503254203,1503254861),(19,40,7,2,4,51,39,39,1503254341,1503254773),(20,2,28,3,4,35,31,31,1503254342,1503255396),(21,39,12,3,4,30,41,41,1503254386,1503254810),(22,4,16,3,4,46,55,46,1503254447,1503255125),(23,3,14,3,4,33,40,33,1503254515,1503255160),(24,36,4,3,5,42,1,1,1503254522,1503255234),(25,38,24,3,4,49,50,49,1503254632,1503255005),(26,37,25,3,4,38,53,53,1503254699,1503255456),(27,40,20,3,4,39,51,51,1503254773,1503255254),(28,39,15,4,4,41,30,30,1503254810,1503255450),(29,35,5,3,4,47,48,47,1503254861,1503255520),(30,4,10,4,4,55,46,55,1503255125,1503255616),(31,6,19,1,4,40,37,37,1503255160,1503256516),(32,1,6,2,4,61,34,61,1503255204,1503256071),(33,40,10,4,4,39,51,39,1503255255,1503256234),(34,7,18,1,4,32,35,32,1503255396,1503256374),(35,42,20,1,4,41,45,41,1503255450,1503256113),(36,37,23,4,4,53,38,38,1503255456,1503255952),(37,35,3,4,4,48,47,48,1503255520,1503255833),(38,5,12,1,4,55,44,44,1503255616,1503256806),(39,36,3,3,4,42,1,1,1503255642,1503256327),(40,43,19,1,4,48,49,49,1503255833,1503258980),(41,45,8,1,4,47,50,47,1503255833,1503256493),(42,37,24,5,4,38,53,53,1503255952,1503256322),(43,1,16,3,4,61,34,34,1503256071,1503258283),(44,42,13,2,4,41,45,45,1503256113,1503256342),(45,41,16,1,4,28,51,51,1503256235,1503257849),(46,44,21,1,4,38,42,42,1503256327,1503259449),(47,46,13,1,4,53,1,1,1503256327,1503258957),(48,42,21,3,4,41,45,41,1503256342,1503256736),(49,7,15,2,4,32,35,35,1503256374,1503256744),(50,45,22,2,4,50,47,50,1503256493,1503256870),(51,6,17,2,4,37,40,40,1503256516,1503257048),(52,49,14,1,4,45,30,45,1503256736,1503258438),(53,7,2,3,4,35,32,32,1503256744,1503258313),(54,5,7,2,4,44,55,55,1503256806,1503257474),(55,6,9,3,5,40,37,37,1503257048,1503257555),(56,5,19,3,4,55,44,44,1503257474,1503258357),(57,6,9,3,4,40,37,37,1503257590,1503258105),(58,41,24,2,4,28,51,28,1503257849,1503258586),(59,6,12,4,4,37,40,40,1503258105,1503258562),(60,1,17,4,4,61,34,61,1503258283,1503258772),(61,10,6,1,4,32,31,32,1503258313,1503259262),(62,12,22,1,4,46,44,44,1503258357,1503259808),(64,49,8,2,4,30,45,30,1503258438,1503258885),(65,6,5,5,4,37,40,37,1503258562,1503259123),(67,41,9,3,4,28,51,51,1503258586,1503259233),(68,1,11,5,4,61,34,34,1503258772,1503259280),(69,49,3,3,4,45,30,45,1503258885,1503259327),(70,46,9,2,4,1,53,53,1503258957,1503259621),(71,43,2,2,4,49,48,48,1503258980,1503259596),(72,14,18,1,4,35,37,37,1503259123,1503260436),(73,11,18,1,4,33,40,40,1503259123,1503261194),(74,50,19,1,4,39,51,51,1503259233,1503259564),(76,10,20,2,4,31,32,31,1503259262,1503260088),(77,8,21,1,4,54,61,54,1503259280,1503261238),(78,44,17,2,4,42,38,38,1503259449,1503260177),(79,50,18,2,4,51,39,39,1503259564,1503260021),(80,43,12,3,4,49,48,49,1503259596,1503260000),(81,46,5,3,4,1,53,1,1503259621,1503260170),(82,12,7,2,4,44,46,46,1503259808,1503260230),(83,43,11,4,4,48,49,48,1503260000,1503260490),(84,50,6,3,4,39,51,51,1503260021,1503260441),(85,44,5,3,4,38,42,42,1503260177,1503260604),(86,14,16,2,4,37,35,35,1503260436,1503260941),(88,43,23,5,4,49,48,49,1503260490,1503260878),(89,44,19,4,4,42,38,38,1503260604,1503261051),(90,52,15,1,4,49,41,49,1503260878,1503261436),(91,48,3,1,4,48,50,48,1503260878,1503261548),(92,14,22,3,4,35,37,37,1503260941,1503261727),(93,51,3,1,4,28,38,28,1503261051,1503262529),(94,47,13,1,4,42,53,53,1503261051,1503261807),(95,11,21,2,4,40,33,33,1503261194,1503261658),(96,8,24,2,4,61,54,61,1503261238,1503261610),(97,52,23,2,4,41,49,41,1503261436,1503262091),(98,48,8,2,4,50,48,50,1503261548,1503262107),(99,8,2,3,4,61,54,54,1503261610,1503262024),(100,11,23,3,4,33,40,40,1503261658,1503262558),(101,14,19,4,4,37,35,35,1503261727,1503263148),(102,47,28,2,4,53,42,42,1503261807,1503262407),(103,13,12,1,4,61,55,55,1503262024,1503263080),(104,9,8,1,4,34,54,54,1503262024,1503263004),(105,52,20,3,4,49,41,49,1503262091,1503262761),(106,54,9,1,4,45,48,45,1503262107,1503262749),(107,56,2,1,4,50,30,50,1503262107,1503262955),(108,53,26,1,4,39,42,42,1503262407,1503262922),(109,55,12,1,4,51,53,53,1503262407,1503263390),(110,51,11,2,4,28,38,38,1503262529,1503263214),(111,16,13,1,4,32,33,32,1503262558,1503263642),(112,18,3,1,4,31,40,31,1503262558,1503264868),(113,54,16,2,4,48,45,48,1503262749,1503263338),(114,52,3,4,4,41,49,41,1503262761,1503263235),(115,53,15,2,4,42,39,39,1503262922,1503263316),(116,56,28,2,4,50,30,30,1503262955,1503263597),(117,9,5,2,4,54,34,34,1503263004,1503263595),(118,13,19,2,4,61,55,61,1503263080,1503264218),(119,51,26,3,4,28,38,28,1503263214,1503263703),(120,54,18,3,4,48,45,45,1503263338,1503264339),(121,55,2,2,4,53,51,51,1503263390,1503263717),(122,9,15,3,4,34,54,54,1503263595,1503264007),(123,61,26,1,4,47,30,47,1503263597,1503265156),(124,16,11,2,4,32,33,33,1503263642,1503264180),(125,51,9,4,4,28,38,38,1503263703,1503264295),(126,60,17,1,4,42,51,51,1503263717,1503264098),(127,62,26,1,4,1,53,1,1503263717,1503265499),(128,15,20,1,4,54,44,44,1503264007,1503266000),(129,17,21,1,4,34,46,46,1503264007,1503264648),(130,60,2,2,4,51,42,42,1503264098,1503264542),(131,16,23,3,4,33,32,32,1503264180,1503265536),(132,13,9,3,4,61,55,55,1503264218,1503264618),(133,51,14,5,4,28,38,28,1503264295,1503265245),(134,57,7,1,4,48,41,41,1503264339,1503265676),(135,59,12,1,4,45,50,45,1503264339,1503264694),(136,13,18,4,4,61,55,61,1503264618,1503265165),(137,17,18,2,4,46,34,34,1503264648,1503265575),(138,59,5,2,4,50,45,50,1503264694,1503265101),(139,18,21,2,4,40,31,40,1503264868,1503265292),(140,59,2,3,4,45,50,45,1503265101,1503265447),(141,61,28,2,4,30,47,30,1503265156,1503265459),(142,23,13,1,4,35,55,55,1503265165,1503265742),(143,63,5,1,4,49,28,49,1503265245,1503267629),(144,58,16,1,4,38,39,39,1503265245,1503266675),(145,66,18,1,4,45,51,45,1503265447,1503266074),(146,67,19,1,4,50,42,42,1503265447,1503266271),(147,61,16,3,4,47,30,47,1503265459,1503265772),(148,62,16,2,4,1,53,53,1503265499,1503266077),(149,19,9,1,4,37,32,37,1503265536,1503266974),(150,21,8,1,4,31,33,31,1503265536,1503266613),(151,28,2,1,4,40,34,34,1503265575,1503265984),(152,57,3,2,4,41,48,48,1503265676,1503266306),(153,23,24,2,4,55,35,35,1503265742,1503266149),(154,28,23,2,4,40,34,40,1503265984,1503266527),(155,15,25,2,4,44,54,54,1503266000,1503266675),(156,66,14,2,4,45,51,51,1503266074,1503266599),(157,62,21,3,4,53,1,1,1503266077,1503269236),(158,23,25,3,4,35,55,55,1503266149,1503267155),(159,67,23,2,4,50,42,50,1503266271,1503266841),(160,57,25,3,4,48,41,41,1503266306,1503267964),(161,21,5,2,4,33,31,33,1503266613,1503267019),(162,58,18,2,4,39,38,38,1503266675,1503267456),(163,20,3,1,4,61,44,44,1503266675,1503267342),(164,22,16,1,4,46,54,46,1503266675,1503267852),(165,67,17,3,4,42,50,42,1503266841,1503267315),(166,19,23,2,4,32,37,32,1503266974,1503267796),(167,21,14,3,4,31,33,31,1503267019,1503267665),(168,23,12,4,4,55,35,35,1503267155,1503267708),(169,73,3,1,4,51,42,51,1503267315,1503268146),(170,20,8,2,4,61,44,61,1503267342,1503267767),(172,63,26,2,4,28,49,28,1503267629,1503268240),(173,24,13,1,4,32,61,32,1503267796,1503269110),(174,25,2,1,5,37,44,44,1503267796,1503268626),(175,22,18,2,4,46,54,54,1503267852,1503268556),(176,64,13,1,4,48,39,48,1503267964,1503268729),(177,65,13,1,4,38,41,41,1503267964,1503269702),(178,73,16,2,4,51,42,42,1503268146,1503268641),(179,63,9,3,4,28,49,49,1503268240,1503268876),(180,22,5,3,4,54,46,46,1503268556,1503269058),(181,25,17,1,4,37,44,44,1503268640,1503269551),(182,64,18,2,4,39,48,39,1503268729,1503269148),(183,63,15,4,4,28,49,28,1503268876,1503269448),(184,26,5,1,4,31,54,31,1503269059,1503270460),(185,27,3,1,4,33,46,46,1503269059,1503270356),(186,24,3,2,4,32,61,61,1503269110,1503269559),(187,64,14,3,4,48,39,48,1503269148,1503270190),(188,68,15,1,4,30,53,53,1503269236,1503270090),(189,69,28,1,4,47,1,1,1503269236,1503270054),(190,63,21,5,4,49,28,49,1503269448,1503270238),(191,25,24,2,4,44,37,37,1503269551,1503270165),(192,29,19,1,4,35,32,32,1503269559,1503270491),(193,65,2,2,4,41,38,38,1503269702,1503270121),(194,69,23,2,4,47,1,47,1503270054,1503270395),(195,68,18,2,4,53,30,30,1503270090,1503270639),(196,72,9,1,4,45,41,41,1503270121,1503270972),(197,25,2,3,4,37,44,44,1503270165,1503271183),(198,71,21,1,4,38,48,48,1503270190,1503271348),(199,70,12,1,4,39,49,49,1503270238,1503271386),(200,27,28,2,4,46,33,33,1503270356,1503271004),(201,26,8,2,4,54,31,54,1503270460,1503271182),(202,29,6,2,5,32,35,35,1503270491,1503270656),(203,68,14,3,4,30,53,53,1503270639,1503271223),(204,29,17,2,4,32,35,35,1503270695,1503271107),(205,72,28,2,4,41,45,45,1503270972,1503271379),(206,27,13,3,4,33,46,46,1503271004,1503271964),(207,29,11,3,4,35,32,32,1503271107,1503271655),(208,30,5,1,4,37,61,37,1503271184,1503272075),(209,31,5,1,4,31,44,44,1503271184,1503271621),(210,74,23,1,4,50,53,53,1503271223,1503272596),(211,75,8,1,4,1,30,1,1503271223,1503272314),(212,71,15,2,4,48,38,38,1503271348,1503271703),(213,72,16,3,4,45,41,41,1503271379,1503271780),(214,70,2,2,4,49,39,39,1503271386,1503271755),(215,31,21,2,4,31,44,31,1503271621,1503272530),(216,34,21,1,4,35,55,55,1503271655,1503273122),(217,70,28,3,4,39,49,49,1503271755,1503272527),(218,32,19,1,4,33,54,54,1503271964,1503273105),(219,33,12,1,4,40,46,46,1503271964,1503273189),(220,30,7,2,4,37,61,61,1503272075,1503272722),(221,75,9,2,4,1,30,30,1503272314,1503272664),(222,76,17,1,4,28,39,39,1503272527,1503274317),(223,31,14,3,4,31,44,44,1503272530,1503273671),(224,74,3,2,4,50,53,50,1503272596,1503273056),(225,75,5,3,4,30,1,1,1503272664,1503272988),(226,74,19,3,4,50,53,53,1503273056,1503273426),(227,32,5,2,4,54,33,33,1503273105,1503273688),(228,34,3,2,4,55,35,35,1503273122,1503273548),(229,33,11,2,4,46,40,40,1503273189,1503274193),(230,34,23,3,4,35,55,55,1503273548,1503274210),(231,34,28,4,4,55,35,35,1503274210,1503275200),(232,76,9,2,4,28,39,28,1503274317,1503274993),(233,76,2,3,4,39,28,39,1503274993,1503275697),(234,34,17,5,4,35,55,55,1503275200,1503275939),(235,76,25,4,4,28,39,28,1503275697,1503276259),(236,34,20,6,4,55,35,35,1503275939,1503276918),(237,76,21,5,4,28,39,39,1503276259,1503276975),(238,76,11,6,4,28,39,28,1503276975,1503277502),(239,77,30,1,4,NULL,NULL,NULL,1504840703,1504841846),(240,78,29,1,4,NULL,NULL,NULL,1504840703,1504842023),(241,79,31,1,4,NULL,NULL,NULL,1504840703,1504843150),(242,80,32,1,4,NULL,NULL,NULL,1504840703,1504842160),(243,81,33,1,4,NULL,NULL,NULL,1504840704,1504842921),(244,82,34,1,4,NULL,NULL,NULL,1504840704,1504842868),(245,83,35,1,4,NULL,NULL,NULL,1504840704,1504841651),(246,84,36,1,4,NULL,NULL,NULL,1504840704,1504842379),(247,85,37,1,4,NULL,NULL,NULL,1504840704,1504842331),(248,83,30,2,4,NULL,NULL,NULL,1504841651,1504843464),(249,77,35,2,4,NULL,NULL,NULL,1504841846,1504842617),(250,78,36,2,4,NULL,NULL,NULL,1504842023,1504843850),(251,80,29,2,4,NULL,NULL,NULL,1504842160,1504842755),(252,85,32,2,4,NULL,NULL,NULL,1504842331,1504843406),(253,84,37,2,4,NULL,NULL,NULL,1504842379,1504843469),(254,77,29,3,4,NULL,NULL,NULL,1504842617,1504843520),(255,80,35,3,4,NULL,NULL,NULL,1504842755,1504843559),(256,82,33,2,4,NULL,NULL,NULL,1504842868,1504844108),(257,81,34,2,4,NULL,NULL,NULL,1504842922,1504844171),(258,79,32,2,4,NULL,NULL,NULL,1504843150,1504844470),(259,85,31,3,4,NULL,NULL,NULL,1504843407,1504844296),(260,83,37,3,4,NULL,NULL,NULL,1504843464,1504844323),(261,84,30,3,4,NULL,NULL,NULL,1504843469,1504844361),(262,77,36,4,4,NULL,NULL,NULL,1504843520,1504844694),(263,80,33,4,4,NULL,NULL,NULL,1504843560,1504845062),(264,78,35,3,4,NULL,NULL,NULL,1504843851,1504844264),(265,82,29,3,4,NULL,NULL,NULL,1504844108,1504844404),(266,81,37,3,4,NULL,NULL,NULL,1504844171,1504844420),(267,83,34,4,4,NULL,NULL,NULL,1504844323,1504845376),(268,79,35,3,4,NULL,NULL,NULL,1504844471,1504845293),(269,78,32,4,4,NULL,NULL,NULL,1504844264,1504845675),(270,85,30,4,4,NULL,NULL,NULL,1504844296,1504846054),(271,84,31,4,4,NULL,NULL,NULL,1504844361,1504846238),(272,82,36,4,4,NULL,NULL,NULL,1504844404,1504845560),(273,81,29,4,4,NULL,NULL,NULL,1504844420,1504845057),(274,77,37,5,4,NULL,NULL,NULL,1504844695,1504845408),(275,80,34,5,4,NULL,NULL,NULL,1504845063,1504846841),(276,79,29,4,4,NULL,NULL,NULL,1504845293,1504845832),(277,78,33,5,4,NULL,NULL,NULL,1504845676,1504847034),(278,79,37,5,4,NULL,NULL,NULL,1504845833,1504846752),(279,86,35,1,5,NULL,NULL,NULL,1505444651,1505444799),(280,87,36,1,4,NULL,NULL,NULL,1505444652,1505445357),(281,88,32,1,4,NULL,NULL,NULL,1505444652,1505446241),(282,89,29,1,4,NULL,NULL,NULL,1505444652,1505445911),(283,90,30,1,4,NULL,NULL,NULL,1505444652,1505446250),(284,91,31,1,4,NULL,NULL,NULL,1505444653,1505446198),(285,92,37,1,4,NULL,NULL,NULL,1505444653,1505445946),(286,93,34,1,4,NULL,NULL,NULL,1505444653,1505446125),(287,86,33,1,4,NULL,NULL,NULL,1505444799,1505448284),(288,87,29,2,4,NULL,NULL,NULL,1505445358,1505446556),(289,89,36,2,4,NULL,NULL,NULL,1505445912,1505447722),(290,92,34,2,4,NULL,NULL,NULL,1505445946,1505447324),(291,93,37,2,4,NULL,NULL,NULL,1505446126,1505446963),(292,91,32,2,4,NULL,NULL,NULL,1505446198,1505447952),(293,88,31,2,4,NULL,NULL,NULL,1505446242,1505447171),(294,90,29,2,4,NULL,NULL,NULL,1505446250,1505447557),(295,87,30,3,4,NULL,NULL,NULL,1505446556,1505447703),(296,93,31,3,4,NULL,NULL,NULL,1505446963,1505448259),(297,88,37,3,4,NULL,NULL,NULL,1505447171,1505447988),(298,92,29,3,4,NULL,NULL,NULL,1505447324,1505448291),(299,90,34,3,4,NULL,NULL,NULL,1505447558,1505448735),(300,87,32,4,4,NULL,NULL,NULL,1505447704,1505448768),(301,89,30,3,4,NULL,NULL,NULL,1505447722,1505449750),(302,91,36,3,4,NULL,NULL,NULL,1505447952,1505449221),(303,88,33,4,4,NULL,NULL,NULL,1505447988,1505449538),(304,93,29,4,4,NULL,NULL,NULL,1505448259,1505449420),(305,86,37,2,4,NULL,NULL,NULL,1505448284,1505449157),(306,92,31,4,4,NULL,NULL,NULL,1505448291,1505449155),(307,90,32,4,4,NULL,NULL,NULL,1505448735,1505450304),(308,87,34,5,4,NULL,NULL,NULL,1505448769,1505449814),(309,86,31,3,4,NULL,NULL,NULL,1505449158,1505450675),(310,91,37,4,4,NULL,NULL,NULL,1505449221,1505450417),(311,88,36,5,4,NULL,NULL,NULL,1505449539,1505450466),(312,89,33,4,4,NULL,NULL,NULL,1505449750,1505451414),(313,86,29,4,4,NULL,NULL,NULL,1505450675,1505451116),(314,86,30,5,4,NULL,NULL,NULL,1505451116,1505452319),(315,94,34,1,4,NULL,NULL,NULL,1506049291,1506050300),(316,95,32,1,4,NULL,NULL,NULL,1506049291,1506050839),(317,96,37,1,4,NULL,NULL,NULL,1506049291,1506050063),(318,97,36,1,4,NULL,NULL,NULL,1506049292,1506050524),(319,98,31,1,4,NULL,NULL,NULL,1506049292,1506051056),(320,99,29,1,5,NULL,NULL,NULL,1506049292,1506050099),(321,100,33,1,4,NULL,NULL,NULL,1506049292,1506051109),(322,101,30,1,4,NULL,NULL,NULL,1506049293,1506050873),(323,102,37,1,4,NULL,NULL,NULL,1506049293,1506051263),(324,103,34,1,4,NULL,NULL,NULL,1506049293,1506051478),(325,96,36,2,4,NULL,NULL,NULL,1506050063,1506051497),(326,99,32,1,4,NULL,NULL,NULL,1506050099,1506052000),(327,94,30,2,4,NULL,NULL,NULL,1506050300,1506052358),(328,97,31,2,4,NULL,NULL,NULL,1506050525,1506051830),(329,95,33,2,4,NULL,NULL,NULL,1506050839,1506052970),(330,101,37,2,4,NULL,NULL,NULL,1506050873,1506052294),(331,98,34,2,4,NULL,NULL,NULL,1506051057,1506053137),(332,100,36,2,4,NULL,NULL,NULL,1506051109,1506052340),(333,102,31,2,4,NULL,NULL,NULL,1506051264,1506052794),(334,103,32,2,4,NULL,NULL,NULL,1506051478,1506052965),(335,96,30,3,4,NULL,NULL,NULL,1506051497,1506053464),(336,97,37,3,4,NULL,NULL,NULL,1506051831,1506053442),(337,99,36,2,4,NULL,NULL,NULL,1506052000,1506053342),(338,101,31,3,3,NULL,NULL,NULL,1506052295,1506052795),(339,100,32,3,3,NULL,NULL,NULL,1506052341,1506052965),(340,94,33,3,3,NULL,NULL,NULL,1506052358,1506052970),(341,102,34,3,3,NULL,NULL,NULL,1506052795,1506053138),(342,103,36,3,3,NULL,NULL,NULL,1506052965,1506053343),(343,95,34,3,3,NULL,NULL,NULL,1506052970,1506053164),(344,98,37,3,3,NULL,NULL,NULL,1506053138,1506053442),(345,99,30,3,3,NULL,NULL,NULL,1506053343,1506053465),(346,97,NULL,4,6,NULL,NULL,NULL,1506053442,1506053443),(347,96,NULL,4,6,NULL,NULL,NULL,1506053465,1506053465);
/*!40000 ALTER TABLE `game` ENABLE KEYS */;
UNLOCK TABLES;

--
-- Table structure for table `queuegame`
--

DROP TABLE IF EXISTS `queuegame`;
/*!40101 SET @saved_cs_client     = @@character_set_client */;
/*!40101 SET character_set_client = utf8 */;
CREATE TABLE `queuegame` (
  `id` int(11) NOT NULL AUTO_INCREMENT,
  `machine_id` int(11) NOT NULL,
  `game_id` int(11) NOT NULL,
  `created_at` int(11) DEFAULT NULL,
  `updated_at` int(11) DEFAULT NULL,
  PRIMARY KEY (`id`),
  KEY `machine_key` (`machine_id`),
  KEY `game_key` (`game_id`),
  CONSTRAINT `queuegame_ibfk_1` FOREIGN KEY (`machine_id`) REFERENCES `machine` (`id`),
  CONSTRAINT `queuegame_ibfk_2` FOREIGN KEY (`game_id`) REFERENCES `game` (`id`)
) ENGINE=InnoDB DEFAULT CHARSET=utf8 COLLATE=utf8_unicode_ci;
/*!40101 SET character_set_client = @saved_cs_client */;

--
-- Dumping data for table `queuegame`
--

LOCK TABLES `queuegame` WRITE;
/*!40000 ALTER TABLE `queuegame` DISABLE KEYS */;
/*!40000 ALTER TABLE `queuegame` ENABLE KEYS */;
UNLOCK TABLES;

--
-- Table structure for table `score`
--

DROP TABLE IF EXISTS `score`;
/*!40101 SET @saved_cs_client     = @@character_set_client */;
/*!40101 SET character_set_client = utf8 */;
CREATE TABLE `score` (
  `id` int(11) NOT NULL AUTO_INCREMENT,
  `playernumber` int(11) NOT NULL,
  `value` bigint(20) DEFAULT NULL,
  `matchpoints` int(11) DEFAULT NULL,
  `forfeit` int(11) NOT NULL,
  `verified` int(11) NOT NULL,
  `game_id` int(11) NOT NULL,
  `user_id` int(11) NOT NULL,
  `recorder_id` int(11) DEFAULT NULL,
  `verifier_id` int(11) DEFAULT NULL,
  `created_at` int(11) DEFAULT NULL,
  `updated_at` int(11) DEFAULT NULL,
  PRIMARY KEY (`id`),
  KEY `game_id` (`game_id`),
  KEY `user_id` (`user_id`),
  KEY `recorder_id` (`recorder_id`),
  KEY `verifier_id` (`verifier_id`),
  CONSTRAINT `score_ibfk_1` FOREIGN KEY (`game_id`) REFERENCES `game` (`id`),
  CONSTRAINT `score_ibfk_2` FOREIGN KEY (`user_id`) REFERENCES `user` (`id`),
  CONSTRAINT `score_ibfk_3` FOREIGN KEY (`recorder_id`) REFERENCES `user` (`id`),
  CONSTRAINT `score_ibfk_4` FOREIGN KEY (`verifier_id`) REFERENCES `user` (`id`)
) ENGINE=InnoDB AUTO_INCREMENT=864 DEFAULT CHARSET=utf8 COLLATE=utf8_unicode_ci;
/*!40101 SET character_set_client = @saved_cs_client */;

--
-- Dumping data for table `score`
--

LOCK TABLES `score` WRITE;
/*!40000 ALTER TABLE `score` DISABLE KEYS */;
INSERT INTO `score` VALUES (1,2,2261545550,1,0,0,3,35,35,NULL,NULL,NULL),(2,1,717449940,0,0,0,3,31,35,NULL,NULL,NULL),(3,2,71768920,1,0,0,4,61,1,NULL,NULL,NULL),(4,1,68256710,0,0,0,4,34,1,NULL,NULL,NULL),(5,2,8623460,1,0,0,2,40,33,NULL,NULL,NULL),(6,1,7830090,0,0,0,2,33,33,NULL,NULL,NULL),(7,2,20640,0,0,0,9,1,1,NULL,NULL,NULL),(8,1,33790,1,0,0,9,42,1,NULL,NULL,NULL),(9,2,357680,1,0,1,6,41,41,41,NULL,NULL),(10,1,353520,0,0,1,6,30,41,41,NULL,NULL),(11,2,2567280,0,0,0,1,46,55,NULL,NULL,NULL),(12,1,40106530,1,0,0,1,55,55,NULL,NULL,NULL),(13,2,29250990,0,0,1,5,39,39,51,NULL,NULL),(14,1,60594020,1,0,1,5,51,51,39,NULL,NULL),(15,2,3320770,0,0,1,10,47,48,48,NULL,NULL),(16,1,5485170,1,0,1,10,48,48,48,NULL,NULL),(17,2,127941360,0,0,1,7,50,50,50,NULL,NULL),(18,1,129158150,1,0,1,7,49,50,50,NULL,NULL),(19,2,210900,0,0,0,8,38,38,NULL,NULL,NULL),(20,1,319700,1,0,0,8,53,38,NULL,NULL,NULL),(21,2,3197100,0,0,1,11,33,33,33,NULL,NULL),(22,1,5174480,1,0,1,11,40,33,33,NULL,NULL),(23,2,5014590,0,0,0,13,1,1,NULL,NULL,NULL),(24,1,20720240,1,0,0,13,42,1,NULL,NULL,NULL),(25,2,100560,0,0,0,12,31,35,NULL,NULL,NULL),(26,1,538680,1,0,0,12,35,35,NULL,NULL,NULL),(27,2,4604760,1,0,0,14,55,55,NULL,NULL,NULL),(28,1,3650600,0,0,0,14,46,55,NULL,NULL,NULL),(29,2,5222350,0,0,0,15,53,38,NULL,NULL,NULL),(30,1,389088250,1,0,0,15,38,38,NULL,NULL,NULL),(31,2,6,0,0,1,16,41,41,41,NULL,NULL),(32,1,7,1,0,1,16,30,41,41,NULL,NULL),(33,2,64051380,1,0,0,17,49,50,NULL,NULL,NULL),(34,1,6641250,0,0,0,17,50,50,NULL,NULL,NULL),(35,2,120000,0,0,1,19,51,51,51,NULL,NULL),(36,1,394000,1,0,1,19,39,39,51,NULL,NULL),(37,2,10325970,1,0,1,18,48,48,48,NULL,NULL),(38,1,2559850,0,0,1,18,47,48,48,NULL,NULL),(39,1,7006310,0,0,1,21,30,41,41,NULL,NULL),(40,2,8428980,1,0,1,21,41,41,41,NULL,NULL),(41,2,2968472430,1,0,0,20,35,35,NULL,NULL,NULL),(42,1,357498140,0,0,0,20,31,35,NULL,NULL,NULL),(43,2,819000,1,0,0,22,46,55,NULL,NULL,NULL),(44,1,250000,0,0,0,22,55,55,NULL,NULL,NULL),(45,2,1193940,0,0,1,23,33,33,33,NULL,NULL),(46,1,40487520,1,0,1,23,40,33,33,NULL,NULL),(47,2,NULL,NULL,0,0,24,42,NULL,NULL,NULL,NULL),(48,1,NULL,NULL,0,0,24,1,NULL,NULL,NULL,NULL),(49,2,2866,1,0,0,25,49,50,NULL,NULL,NULL),(50,1,2773,0,0,0,25,50,50,NULL,NULL,NULL),(51,2,21519220,0,0,1,27,39,39,51,NULL,NULL),(52,1,24858840,1,0,1,27,51,51,39,NULL,NULL),(53,2,179584640,1,0,1,29,47,48,48,NULL,NULL),(54,1,64995590,0,0,1,29,48,48,48,NULL,NULL),(55,2,17480,0,0,0,26,38,38,NULL,NULL,NULL),(56,1,31180,1,0,1,26,53,38,38,NULL,NULL),(57,2,340310,1,0,0,30,55,55,NULL,NULL,NULL),(58,1,163050,0,0,0,30,46,55,NULL,NULL,NULL),(59,1,41880,1,0,1,28,41,30,30,NULL,NULL),(60,2,31260,0,0,1,28,30,30,30,NULL,NULL),(61,2,64750,0,0,1,33,39,39,51,NULL,NULL),(62,1,611160,1,0,1,33,51,51,39,NULL,NULL),(63,2,92243410,0,0,0,32,61,34,NULL,NULL,NULL),(64,1,120557530,1,0,0,32,34,34,NULL,NULL,NULL),(65,2,11108430,1,0,1,37,48,48,48,NULL,NULL),(66,1,1815410,0,0,1,37,47,48,48,NULL,NULL),(67,2,59460830,1,0,1,35,41,45,45,NULL,NULL),(68,1,28471920,0,0,1,35,45,45,45,NULL,NULL),(69,2,2393810,0,0,0,36,53,38,NULL,NULL,NULL),(70,1,3110350,1,0,0,36,38,38,NULL,NULL,NULL),(71,2,36588690,1,0,0,31,40,37,NULL,NULL,NULL),(72,1,28709860,0,0,0,31,37,37,NULL,NULL,NULL),(73,2,32706630,1,0,0,39,42,1,NULL,NULL,NULL),(74,1,7103430,0,0,0,39,1,1,NULL,NULL,NULL),(75,2,3083,1,0,0,42,38,38,NULL,NULL,NULL),(76,1,2446,0,0,0,42,53,38,NULL,NULL,NULL),(77,2,5898490,0,0,1,34,32,32,35,NULL,NULL),(78,1,8956520,1,0,1,34,35,32,35,NULL,NULL),(79,1,861820,1,0,0,43,61,34,NULL,NULL,NULL),(80,2,253140,0,0,0,43,34,34,NULL,NULL,NULL),(81,2,37,1,0,1,44,41,45,45,NULL,NULL),(82,1,4,0,0,1,44,45,45,45,NULL,NULL),(83,2,80083450,0,0,0,41,47,50,NULL,NULL,NULL),(84,1,161758410,1,0,0,41,50,50,NULL,NULL,NULL),(85,2,20676780,1,0,0,38,55,55,NULL,NULL,NULL),(86,1,20154510,0,0,0,38,44,55,NULL,NULL,NULL),(87,2,15342150,1,0,1,48,41,45,45,NULL,NULL),(88,1,11666500,0,0,1,48,45,45,45,NULL,NULL),(89,2,34340,0,0,1,49,32,35,32,NULL,NULL),(90,1,108910,1,0,1,49,35,35,32,NULL,NULL),(91,2,270422900,1,0,0,50,50,50,NULL,NULL,NULL),(92,1,19367360,0,0,0,50,47,50,NULL,NULL,NULL),(93,2,2320760,0,0,0,51,37,37,NULL,NULL,NULL),(94,1,24945070,1,0,0,51,40,37,NULL,NULL,NULL),(95,2,447900,0,0,0,54,44,55,NULL,NULL,NULL),(96,1,591300,1,0,0,54,55,55,NULL,NULL,NULL),(97,2,NULL,NULL,0,0,55,40,NULL,NULL,NULL,NULL),(98,1,NULL,NULL,0,0,55,37,NULL,NULL,NULL,NULL),(99,2,157030,1,0,1,45,28,28,51,NULL,NULL),(100,1,149230,0,0,0,45,51,28,NULL,NULL,NULL),(101,2,44487330,1,0,0,56,55,55,NULL,NULL,NULL),(102,1,35482830,0,0,0,56,44,55,NULL,NULL,NULL),(103,2,352620,0,0,0,57,40,37,NULL,NULL,NULL),(104,1,924650,1,0,0,57,37,37,NULL,NULL,NULL),(105,2,23986860,1,0,1,52,45,30,45,NULL,NULL),(106,1,9785240,0,0,1,52,30,30,45,NULL,NULL),(107,2,4790,1,0,0,58,28,28,NULL,NULL,NULL),(108,1,3848,0,0,1,58,51,51,51,NULL,NULL),(109,2,658863830,1,0,1,53,35,32,35,NULL,NULL),(110,1,527384180,0,0,1,53,32,32,35,NULL,NULL),(111,2,8686960,1,0,0,59,37,37,NULL,NULL,NULL),(112,1,8402070,0,0,0,59,40,37,NULL,NULL,NULL),(113,2,21593670,1,0,1,40,48,48,48,NULL,NULL),(114,1,10766320,0,0,1,40,49,48,48,NULL,NULL),(115,2,13028020,0,0,0,60,61,34,NULL,NULL,NULL),(116,1,25890100,1,0,0,60,34,34,NULL,NULL,NULL),(117,2,34,1,0,0,47,53,1,NULL,NULL,NULL),(118,1,33,0,0,0,47,1,1,NULL,NULL,NULL),(119,1,111794740,1,0,1,64,30,45,45,NULL,NULL),(120,2,94471740,0,0,1,64,45,45,45,NULL,NULL),(121,2,249611180,1,0,0,65,37,37,NULL,NULL,NULL),(122,1,36888560,0,0,0,65,40,37,NULL,NULL,NULL),(123,2,608330,1,0,1,67,28,28,51,NULL,NULL),(124,1,443830,0,0,1,67,51,51,51,NULL,NULL),(125,1,93237340,1,0,0,68,61,34,NULL,NULL,NULL),(126,2,44354420,0,0,0,68,34,34,NULL,NULL,NULL),(127,2,8685530,1,0,1,69,45,45,45,NULL,NULL),(128,1,6693550,0,0,1,69,30,45,45,NULL,NULL),(129,2,48741320,1,0,0,46,38,42,NULL,NULL,NULL),(130,1,44158780,0,0,1,46,42,42,42,NULL,NULL),(131,2,39723640,0,0,0,62,46,44,NULL,NULL,NULL),(132,1,1535339990,1,0,0,62,44,44,NULL,NULL,NULL),(133,2,70881980,1,0,0,61,32,32,NULL,NULL,NULL),(134,1,8695600,0,0,0,61,31,32,NULL,NULL,NULL),(135,2,533300,1,0,0,70,1,1,NULL,NULL,NULL),(136,1,390710,0,0,0,70,53,1,NULL,NULL,NULL),(137,2,325650840,1,0,1,71,49,48,48,NULL,NULL),(138,1,284654480,0,0,1,71,48,48,48,NULL,NULL),(139,2,10323300,0,0,0,76,31,32,NULL,NULL,NULL),(140,1,151351860,1,0,0,76,32,32,NULL,NULL,NULL),(141,2,3536520,0,0,1,74,39,39,51,NULL,NULL),(142,1,3622360,1,0,1,74,51,51,39,NULL,NULL),(143,2,21741010,0,0,0,78,42,42,NULL,NULL,NULL),(144,1,36729560,1,0,1,78,38,42,42,NULL,NULL),(145,2,3046700,0,0,1,79,51,51,39,NULL,NULL),(146,1,14901640,1,0,1,79,39,39,51,NULL,NULL),(147,2,9375550,0,0,1,80,49,48,48,NULL,NULL),(148,1,14012530,1,0,1,80,48,48,48,NULL,NULL),(149,2,52246650,0,0,0,81,1,1,NULL,NULL,NULL),(150,1,99154700,1,0,0,81,53,1,NULL,NULL,NULL),(151,2,590700,1,0,0,82,44,44,NULL,NULL,NULL),(152,1,200300,0,0,0,82,46,44,NULL,NULL,NULL),(153,2,6311050,0,0,0,72,35,35,NULL,NULL,NULL),(154,1,6697260,1,0,0,72,37,35,NULL,NULL,NULL),(155,2,59162740,0,0,1,83,48,48,48,NULL,NULL),(156,1,73547610,1,0,1,83,49,48,48,NULL,NULL),(157,2,23640700,1,0,1,84,39,39,51,NULL,NULL),(158,1,17316360,0,0,1,84,51,51,39,NULL,NULL),(159,2,67150060,0,0,0,85,38,42,NULL,NULL,NULL),(160,1,141126200,1,0,1,85,42,42,42,NULL,NULL),(161,2,121400,0,0,0,86,37,35,NULL,NULL,NULL),(162,1,804420,1,0,0,86,35,35,NULL,NULL,NULL),(163,2,5185320,1,0,1,88,49,48,48,NULL,NULL),(164,1,1651750,0,0,1,88,48,48,48,NULL,NULL),(165,2,28111890,0,0,1,77,54,61,61,NULL,NULL),(166,1,99077440,1,0,1,77,61,61,61,NULL,NULL),(167,2,7849410,0,0,0,89,42,42,NULL,NULL,NULL),(168,1,10010160,1,0,1,89,38,42,42,NULL,NULL),(169,2,11649720,1,0,1,73,33,33,33,NULL,NULL),(170,1,3238650,0,0,1,73,40,33,33,NULL,NULL),(171,2,305912010,1,0,0,92,35,35,NULL,NULL,NULL),(172,1,217864490,0,0,0,92,37,35,NULL,NULL,NULL),(173,2,46700,1,0,1,90,49,41,41,NULL,NULL),(174,1,21770,0,0,1,90,41,41,41,NULL,NULL),(175,1,15966590,1,0,0,91,48,48,NULL,NULL,NULL),(176,2,7270870,0,0,0,91,50,48,NULL,NULL,NULL),(177,2,26765660,1,0,1,95,40,33,33,NULL,NULL),(178,1,18253320,0,0,1,95,33,33,33,NULL,NULL),(179,2,3186,1,0,1,96,61,61,61,NULL,NULL),(180,1,1574,0,0,1,96,54,61,61,NULL,NULL),(181,2,38,1,0,0,94,42,42,NULL,NULL,NULL),(182,1,26,0,0,0,94,53,42,NULL,NULL,NULL),(183,2,30500630,1,0,0,97,41,41,NULL,NULL,NULL),(184,1,6304880,0,0,0,97,49,41,NULL,NULL,NULL),(185,2,79699330,0,0,0,98,50,48,NULL,NULL,NULL),(186,1,131621650,1,0,0,98,48,48,NULL,NULL,NULL),(187,2,43307450,0,0,1,93,28,28,28,NULL,NULL),(188,1,46606250,1,0,1,93,38,28,28,NULL,NULL),(189,2,556468870,1,0,1,99,61,61,61,NULL,NULL),(190,1,281388920,0,0,1,99,54,61,61,NULL,NULL),(191,2,26972350,1,0,1,100,33,33,33,NULL,NULL),(192,1,2167160,0,0,1,100,40,33,33,NULL,NULL),(193,2,328945120,0,0,0,102,53,42,NULL,NULL,NULL),(194,1,1529576390,1,0,0,102,42,42,NULL,NULL,NULL),(195,2,7090980,0,0,0,101,37,35,NULL,NULL,NULL),(196,1,8217570,1,0,0,101,35,35,NULL,NULL,NULL),(197,2,40691380,1,0,0,105,49,41,NULL,NULL,NULL),(198,1,23086330,0,0,0,105,41,41,NULL,NULL,NULL),(199,2,1779981020,1,0,0,107,50,50,NULL,NULL,NULL),(200,1,944824060,0,0,0,107,30,50,NULL,NULL,NULL),(201,2,459030,1,0,1,106,45,48,45,NULL,NULL),(202,1,260120,0,0,1,106,48,48,45,NULL,NULL),(203,2,188960340,0,0,0,104,34,34,NULL,NULL,NULL),(204,1,195226800,1,0,0,104,54,34,NULL,NULL,NULL),(205,2,31256300,1,0,0,108,39,39,NULL,NULL,NULL),(206,1,9169500,0,0,1,108,42,42,39,NULL,NULL),(207,2,90919490,1,0,0,110,28,28,NULL,NULL,NULL),(208,1,80639620,0,0,0,110,38,28,NULL,NULL,NULL),(209,2,10638410,0,0,0,103,61,55,NULL,NULL,NULL),(210,1,18974670,1,0,0,103,55,55,NULL,NULL,NULL),(211,2,993450,1,0,0,113,48,45,NULL,NULL,NULL),(212,1,648830,0,0,0,113,45,45,NULL,NULL,NULL),(213,2,4750770,0,0,0,114,41,41,NULL,NULL,NULL),(214,1,16394120,1,0,0,114,49,41,NULL,NULL,NULL),(215,2,72,0,0,1,111,32,33,33,NULL,NULL),(216,1,78,1,0,1,111,33,33,33,NULL,NULL),(217,2,569187530,1,0,0,116,50,50,NULL,NULL,NULL),(218,1,548466330,0,0,0,116,30,50,NULL,NULL,NULL),(219,2,48070,0,0,1,115,42,42,39,NULL,NULL),(220,1,50480,1,0,0,115,39,39,NULL,NULL,NULL),(221,2,4665560,1,0,0,118,61,55,NULL,NULL,NULL),(222,1,3569220,0,0,0,118,55,55,NULL,NULL,NULL),(223,2,102565700,0,0,0,117,54,34,NULL,NULL,NULL),(224,1,212521940,1,0,0,117,34,34,NULL,NULL,NULL),(225,2,9322720,1,0,1,109,51,51,51,NULL,NULL),(226,1,5718900,0,0,1,109,53,51,51,NULL,NULL),(227,2,20667150,1,0,0,119,28,38,NULL,NULL,NULL),(228,1,19030040,0,0,0,119,38,38,NULL,NULL,NULL),(229,2,231281660,0,0,1,121,53,51,51,NULL,NULL),(230,1,295783930,1,0,1,121,51,51,51,NULL,NULL),(231,2,38550,0,0,0,122,34,34,NULL,NULL,NULL),(232,1,47330,1,0,0,122,54,34,NULL,NULL,NULL),(233,2,61655290,1,0,1,124,32,33,33,NULL,NULL),(234,1,54773590,0,0,1,124,33,33,33,NULL,NULL),(235,2,6661620,0,0,1,126,42,42,51,NULL,NULL),(236,1,10172880,1,0,1,126,51,51,51,NULL,NULL),(237,2,16211100,1,0,0,120,48,45,NULL,NULL,NULL),(238,1,12069410,0,0,0,120,45,45,NULL,NULL,NULL),(239,2,369560,0,0,0,125,28,28,NULL,NULL,NULL),(240,1,496620,1,0,0,125,38,28,NULL,NULL,NULL),(241,2,1226822660,1,0,0,130,51,51,NULL,NULL,NULL),(242,1,790160930,0,0,1,130,42,42,51,NULL,NULL),(243,2,33643970,0,0,0,129,34,34,NULL,NULL,NULL),(244,1,47035270,1,0,0,129,46,34,NULL,NULL,NULL),(245,2,4462200,1,0,0,112,31,40,NULL,NULL,NULL),(246,1,2866610,0,0,0,112,40,40,NULL,NULL,NULL),(247,2,138500,0,0,0,132,61,55,NULL,NULL,NULL),(248,1,492590,1,0,0,132,55,55,NULL,NULL,NULL),(249,2,5075890,0,0,1,135,45,50,45,NULL,NULL),(250,1,5108870,1,0,1,135,50,50,45,NULL,NULL),(251,2,36426360,1,0,0,133,28,38,NULL,NULL,NULL),(252,1,2660750,0,0,0,133,38,38,NULL,NULL,NULL),(253,2,7850270,0,0,0,136,61,55,NULL,NULL,NULL),(254,1,13851950,1,0,0,136,55,55,NULL,NULL,NULL),(255,2,14520660,1,0,0,137,46,34,NULL,NULL,NULL),(256,1,2719400,0,0,0,137,34,34,NULL,NULL,NULL),(257,2,103983400,0,0,0,138,50,45,NULL,NULL,NULL),(258,1,229055870,1,0,0,138,45,45,NULL,NULL,NULL),(259,2,35037820,0,0,0,131,33,32,NULL,NULL,NULL),(260,1,59404980,1,0,0,131,32,32,NULL,NULL,NULL),(261,2,31528860,1,0,1,123,47,30,30,NULL,NULL),(262,1,7387160,0,0,1,123,30,30,30,NULL,NULL),(263,2,9936370,0,0,0,139,40,40,NULL,NULL,NULL),(264,1,24205140,1,0,0,139,31,40,NULL,NULL,NULL),(265,2,34337140,1,0,0,127,1,1,NULL,NULL,NULL),(266,1,4534500,0,0,0,127,53,1,NULL,NULL,NULL),(267,2,813108010,1,0,0,140,45,45,NULL,NULL,NULL),(268,1,273616930,0,0,0,140,50,45,NULL,NULL,NULL),(269,2,25249440,0,0,0,128,54,44,NULL,NULL,NULL),(270,1,255649130,1,0,0,128,44,44,NULL,NULL,NULL),(271,1,188826130,1,0,0,141,30,30,NULL,NULL,NULL),(272,2,102262410,0,0,0,141,47,30,NULL,NULL,NULL),(273,2,349200,0,0,0,134,48,41,NULL,NULL,NULL),(274,1,642400,1,0,0,134,41,41,NULL,NULL,NULL),(275,2,2,0,0,0,142,35,35,NULL,NULL,NULL),(276,1,24,1,0,0,142,55,35,NULL,NULL,NULL),(277,2,175500,0,0,0,147,47,30,NULL,NULL,NULL),(278,1,211110,1,0,0,147,30,30,NULL,NULL,NULL),(279,2,203680,0,0,0,148,1,1,NULL,NULL,NULL),(280,1,320230,1,0,0,148,53,1,NULL,NULL,NULL),(281,2,21038430,1,0,1,145,45,45,51,NULL,NULL),(282,1,2216520,0,0,1,145,51,51,45,NULL,NULL),(283,2,1049687930,1,0,0,151,40,34,NULL,NULL,NULL),(284,1,572460710,0,0,0,151,34,34,NULL,NULL,NULL),(285,2,3339400,0,0,0,152,41,48,NULL,NULL,NULL),(286,1,39171730,1,0,0,152,48,48,NULL,NULL,NULL),(287,2,2857,1,0,0,153,55,35,NULL,NULL,NULL),(288,1,2787,0,0,0,153,35,35,NULL,NULL,NULL),(289,2,6845160,1,0,0,146,50,42,NULL,NULL,NULL),(290,1,3470640,0,0,0,146,42,42,NULL,NULL,NULL),(291,2,66749570,1,0,0,154,40,34,NULL,NULL,NULL),(292,1,1878350,0,0,0,154,34,34,NULL,NULL,NULL),(293,2,160210,0,0,1,144,38,38,39,NULL,NULL),(294,1,2663030,1,0,1,144,39,38,39,NULL,NULL),(295,2,121607360,1,0,1,150,31,33,33,NULL,NULL),(296,1,114968420,0,0,1,150,33,33,33,NULL,NULL),(297,2,15540570,1,0,1,156,45,45,51,NULL,NULL),(298,1,1561390,0,0,1,156,51,51,45,NULL,NULL),(307,2,4408650,0,0,0,159,50,42,NULL,NULL,NULL),(308,1,6628740,1,0,0,159,42,42,NULL,NULL,NULL),(311,2,43610,1,0,0,155,44,44,NULL,NULL,NULL),(312,1,27790,0,0,0,155,54,44,NULL,NULL,NULL),(313,2,50470,1,0,0,158,35,35,NULL,NULL,NULL),(314,1,37350,0,0,0,158,55,35,NULL,NULL,NULL),(315,1,63850,1,0,0,160,48,48,NULL,NULL,NULL),(316,2,29390,0,0,0,160,41,48,NULL,NULL,NULL),(317,2,571030,0,0,0,149,37,32,NULL,NULL,NULL),(318,1,1028950,1,0,0,149,32,32,NULL,NULL,NULL),(319,2,115029840,1,0,1,161,33,31,31,NULL,NULL),(320,1,92042260,0,0,1,161,31,31,31,NULL,NULL),(321,2,11741860,1,0,1,162,39,38,39,NULL,NULL),(322,1,9831100,0,0,1,162,38,38,39,NULL,NULL),(323,2,27418520,1,0,0,165,42,42,NULL,NULL,NULL),(324,1,9745670,0,0,0,165,50,42,NULL,NULL,NULL),(325,2,101641430,0,0,0,143,49,28,NULL,NULL,NULL),(326,1,201422460,1,0,0,143,28,28,NULL,NULL,NULL),(327,2,8175760,1,0,0,163,61,44,NULL,NULL,NULL),(328,1,5801330,0,0,0,163,44,44,NULL,NULL,NULL),(329,2,3038660,1,0,1,167,31,31,31,NULL,NULL),(330,1,1133890,0,0,1,167,33,31,31,NULL,NULL),(331,2,46874540,1,0,0,166,32,32,NULL,NULL,NULL),(332,1,4222750,0,0,0,166,37,32,NULL,NULL,NULL),(333,2,217312560,1,0,0,170,61,44,NULL,NULL,NULL),(334,1,82600110,0,0,0,170,44,44,NULL,NULL,NULL),(335,2,5446390,1,0,0,168,55,35,NULL,NULL,NULL),(336,1,3966400,0,0,0,168,35,35,NULL,NULL,NULL),(337,2,123120,1,0,0,164,46,34,NULL,NULL,NULL),(338,1,89050,0,0,0,164,54,34,NULL,NULL,NULL),(339,2,6951560,0,0,0,169,51,51,NULL,NULL,NULL),(340,1,19239810,1,0,1,169,42,42,51,NULL,NULL),(341,2,25812310,1,0,0,172,28,28,NULL,NULL,NULL),(342,1,23570740,0,0,0,172,49,28,NULL,NULL,NULL),(343,2,8017720,0,0,0,175,46,34,NULL,NULL,NULL),(344,1,55672240,1,0,0,175,54,34,NULL,NULL,NULL),(345,2,91,1,0,0,176,48,39,NULL,NULL,NULL),(346,1,29,0,0,0,176,39,39,NULL,NULL,NULL),(347,2,NULL,NULL,0,0,174,37,NULL,NULL,NULL,NULL),(348,1,NULL,NULL,0,0,174,44,NULL,NULL,NULL,NULL),(349,2,20,1,0,0,173,32,32,NULL,NULL,NULL),(350,1,13,0,0,0,173,61,32,NULL,NULL,NULL),(351,2,117450,0,0,1,178,51,51,51,NULL,NULL),(352,1,762720,1,0,1,178,42,42,51,NULL,NULL),(353,2,125530,0,0,0,179,28,28,NULL,NULL,NULL),(354,1,1149030,1,0,0,179,49,28,NULL,NULL,NULL),(355,2,259800423,1,0,0,180,54,34,NULL,NULL,NULL),(356,1,199223450,0,0,0,180,46,34,NULL,NULL,NULL),(357,2,6052510,0,0,0,181,37,44,NULL,NULL,NULL),(358,1,103361980,1,0,0,181,44,44,NULL,NULL,NULL),(359,2,44389820,1,0,0,157,53,1,NULL,NULL,NULL),(360,1,14886370,0,0,0,157,1,1,NULL,NULL,NULL),(361,2,6916590,1,0,0,182,39,48,NULL,NULL,NULL),(362,1,2001460,0,0,0,182,48,48,NULL,NULL,NULL),(363,2,74320,0,0,0,183,28,28,NULL,NULL,NULL),(364,1,85290,1,0,0,183,49,28,NULL,NULL,NULL),(365,2,6778850,0,0,0,187,48,39,NULL,NULL,NULL),(366,1,54189460,1,0,0,187,39,39,NULL,NULL,NULL),(367,2,10321590,1,0,0,186,32,32,NULL,NULL,NULL),(368,1,4642960,0,0,0,186,61,32,NULL,NULL,NULL),(369,2,25095470,0,0,0,190,49,28,NULL,NULL,NULL),(370,1,47886830,1,0,0,190,28,28,NULL,NULL,NULL),(371,2,4,1,0,0,177,38,38,NULL,NULL,NULL),(372,1,2,0,0,0,177,41,38,NULL,NULL,NULL),(373,2,119341270,0,0,0,189,47,1,NULL,NULL,NULL),(374,1,981125330,1,0,0,189,1,1,NULL,NULL,NULL),(375,2,3894,0,0,0,191,44,44,NULL,NULL,NULL),(376,1,5127,1,0,1,191,37,44,37,NULL,NULL),(377,2,421114730,0,0,0,193,41,38,NULL,NULL,NULL),(378,1,589178360,1,0,0,193,38,38,NULL,NULL,NULL),(379,1,39490,1,0,0,188,30,30,NULL,NULL,NULL),(380,2,35730,0,0,0,188,53,30,NULL,NULL,NULL),(381,2,433069010,1,0,0,184,31,31,NULL,NULL,NULL),(382,1,195166350,0,0,0,184,54,31,NULL,NULL,NULL),(383,2,6957390,0,0,1,192,35,35,32,NULL,NULL),(384,1,25835690,1,0,1,192,32,32,35,NULL,NULL),(385,2,5989570,1,0,1,185,33,33,33,NULL,NULL),(386,1,2026230,0,0,1,185,46,33,33,NULL,NULL),(387,2,3553120,0,0,0,194,47,1,NULL,NULL,NULL),(388,1,6788400,1,0,0,194,1,1,NULL,NULL,NULL),(389,2,23591360,1,0,0,195,53,30,NULL,NULL,NULL),(390,1,17289970,0,0,0,195,30,30,NULL,NULL,NULL),(391,2,3603513380,1,0,0,197,37,44,NULL,NULL,NULL),(392,1,2955051060,0,0,0,197,44,44,NULL,NULL,NULL),(393,2,807800,0,0,0,196,45,45,NULL,NULL,NULL),(394,1,1409210,1,0,0,196,41,45,NULL,NULL,NULL),(395,2,850663600,1,0,1,200,46,33,33,NULL,NULL),(396,1,181431470,0,0,1,200,33,33,33,NULL,NULL),(397,2,97299030,0,0,0,201,54,31,NULL,NULL,NULL),(398,1,316865460,1,0,0,201,31,31,NULL,NULL,NULL),(399,2,NULL,NULL,0,0,202,32,NULL,NULL,NULL,NULL),(400,1,NULL,NULL,0,0,202,35,NULL,NULL,NULL,NULL),(401,1,8390280,0,0,0,203,30,30,NULL,NULL,NULL),(402,2,43104480,1,0,0,203,53,30,NULL,NULL,NULL),(403,2,64829310,0,0,0,198,38,38,NULL,NULL,NULL),(404,1,88585860,1,0,0,198,48,38,NULL,NULL,NULL),(405,2,6453260,0,0,1,204,32,35,32,NULL,NULL),(406,1,7408160,1,0,1,204,35,32,35,NULL,NULL),(407,2,8093850,0,0,0,199,39,39,NULL,NULL,NULL),(408,1,14587820,1,0,0,199,49,39,NULL,NULL,NULL),(409,2,115290000,0,0,0,205,41,45,NULL,NULL,NULL),(410,1,383787270,1,0,0,205,45,45,NULL,NULL,NULL),(411,2,47,1,0,1,206,33,33,33,NULL,NULL),(412,1,31,0,0,1,206,46,33,33,NULL,NULL),(413,2,99959400,1,0,1,207,35,32,35,NULL,NULL),(414,1,46397670,0,0,1,207,32,32,35,NULL,NULL),(415,2,140517480,1,0,0,209,31,44,NULL,NULL,NULL),(416,1,133853490,0,0,0,209,44,44,NULL,NULL,NULL),(417,2,37735980,0,0,0,208,37,37,NULL,NULL,NULL),(418,1,117979390,1,0,0,208,61,37,NULL,NULL,NULL),(419,2,45300,1,0,0,212,48,48,NULL,NULL,NULL),(420,1,15440,0,0,0,212,38,48,NULL,NULL,NULL),(421,2,178765670,0,0,0,214,49,39,NULL,NULL,NULL),(422,1,559316230,1,0,0,214,39,39,NULL,NULL,NULL),(423,2,780090,1,0,0,213,45,45,NULL,NULL,NULL),(424,1,91050,0,0,0,213,41,45,NULL,NULL,NULL),(425,2,73871250,0,0,0,215,31,44,NULL,NULL,NULL),(426,1,162661530,1,0,0,215,44,44,NULL,NULL,NULL),(427,2,544839620,1,0,0,217,39,39,NULL,NULL,NULL),(428,1,314460550,0,0,0,217,49,39,NULL,NULL,NULL),(429,2,205867100,1,0,0,211,1,1,NULL,NULL,NULL),(430,1,121048790,0,0,0,211,30,1,NULL,NULL,NULL),(431,2,60637940,1,0,0,216,35,35,NULL,NULL,NULL),(432,1,16471440,0,0,0,216,55,35,NULL,NULL,NULL),(433,2,9363290,1,0,0,210,50,50,NULL,NULL,NULL),(434,1,4395970,0,0,0,210,53,50,NULL,NULL,NULL),(435,2,356180,0,0,0,221,1,1,NULL,NULL,NULL),(436,1,614120,1,0,0,221,30,1,NULL,NULL,NULL),(437,2,6574370,0,0,1,218,33,33,33,NULL,NULL),(438,1,25555890,1,0,1,218,54,33,33,NULL,NULL),(439,2,17147760,0,0,0,223,31,44,NULL,NULL,NULL),(440,1,102996530,1,0,0,223,44,44,NULL,NULL,NULL),(441,2,5,0,0,0,224,50,50,NULL,NULL,NULL),(442,1,30000000,1,0,0,224,53,50,NULL,NULL,NULL),(443,2,22254670,0,0,0,219,40,40,NULL,NULL,NULL),(444,1,35237690,1,0,0,219,46,40,NULL,NULL,NULL),(445,1,250625390,1,0,0,225,30,1,NULL,NULL,NULL),(446,2,120232850,0,0,0,225,1,1,NULL,NULL,NULL),(447,2,171800,0,0,0,220,37,37,NULL,NULL,NULL),(448,1,299500,1,0,0,220,61,37,NULL,NULL,NULL),(449,2,25768720,1,0,0,222,28,39,NULL,NULL,NULL),(450,1,18770890,0,0,0,222,39,39,NULL,NULL,NULL),(451,2,354860120,1,0,1,227,54,33,33,NULL,NULL),(452,1,276618610,0,0,1,227,33,33,33,NULL,NULL),(453,2,5929060,1,0,0,226,50,50,NULL,NULL,NULL),(454,1,5140250,0,0,0,226,53,50,NULL,NULL,NULL),(455,2,3903320,0,0,0,228,55,35,NULL,NULL,NULL),(456,1,11312970,1,0,0,228,35,35,NULL,NULL,NULL),(457,2,98799760,1,0,0,229,46,40,NULL,NULL,NULL),(458,1,87858120,0,0,0,229,40,40,NULL,NULL,NULL),(459,2,23087280,1,0,0,230,35,35,NULL,NULL,NULL),(460,1,7697090,0,0,0,230,55,35,NULL,NULL,NULL),(461,2,426590,0,0,0,232,28,39,NULL,NULL,NULL),(462,1,767770,1,0,0,232,39,39,NULL,NULL,NULL),(463,2,1157333330,1,0,0,231,55,35,NULL,NULL,NULL),(464,1,381662340,0,0,0,231,35,35,NULL,NULL,NULL),(465,2,125581740,0,0,0,233,39,28,NULL,NULL,NULL),(466,1,3265126970,1,0,0,233,28,28,NULL,NULL,NULL),(467,2,18184980,0,0,0,234,35,35,NULL,NULL,NULL),(468,1,47398600,1,0,0,234,55,35,NULL,NULL,NULL),(469,2,33040,0,0,0,235,28,39,NULL,NULL,NULL),(470,1,47830,1,0,0,235,39,39,NULL,NULL,NULL),(471,2,107255710,0,0,0,236,55,35,NULL,NULL,NULL),(472,1,113246150,1,0,0,236,35,35,NULL,NULL,NULL),(473,2,75350800,1,0,0,237,28,28,NULL,NULL,NULL),(474,1,31605270,0,0,0,237,39,28,NULL,NULL,NULL),(475,2,54164680,1,0,0,238,28,28,NULL,NULL,NULL),(476,1,45051350,0,0,0,238,39,28,NULL,NULL,NULL),(477,2,6217320,1,0,1,239,35,35,32,NULL,NULL),(478,1,8117350,2,0,1,239,55,35,32,NULL,NULL),(479,3,14691200,3,0,1,239,32,35,32,NULL,NULL),(480,2,130000,1,0,0,240,61,44,NULL,NULL,NULL),(481,1,580060,2,0,0,240,37,44,NULL,NULL,NULL),(482,3,2465060,3,0,0,240,44,44,NULL,NULL,NULL),(483,2,296960960,2,0,1,241,31,31,31,NULL,NULL),(484,1,3447148000,3,0,1,241,54,31,31,NULL,NULL),(485,3,255719060,1,0,0,241,46,31,NULL,NULL,NULL),(486,2,13498420,1,0,1,242,40,40,40,NULL,NULL),(487,1,29761580,2,0,1,242,34,40,40,NULL,NULL),(488,3,99435380,3,0,1,242,70,40,40,NULL,NULL),(489,2,40355150,3,0,1,243,71,50,67,NULL,NULL),(490,1,2484350,1,0,1,243,67,67,50,NULL,NULL),(491,3,3740710,2,0,1,243,50,50,67,NULL,NULL),(492,4,24515630,2,0,1,244,66,1,69,NULL,NULL),(493,3,24879170,3,0,1,244,53,1,69,NULL,NULL),(494,2,108913860,4,0,1,244,1,1,69,NULL,NULL),(495,1,23566310,1,0,0,244,69,69,NULL,NULL,NULL),(496,4,98826950,1,0,0,245,64,45,NULL,NULL,NULL),(497,3,171316250,3,0,0,245,45,45,NULL,NULL,NULL),(498,2,251412020,4,0,0,245,42,45,NULL,NULL,NULL),(499,1,136172810,2,0,0,245,47,45,NULL,NULL,NULL),(500,4,37845920,3,0,1,246,39,39,38,NULL,NULL),(501,3,26880420,2,0,1,246,48,39,38,NULL,NULL),(502,2,38569120,4,0,1,246,38,39,38,NULL,NULL),(503,1,3601710,1,0,1,246,43,43,38,NULL,NULL),(504,4,952380,1,0,1,247,59,30,30,NULL,NULL),(505,3,1179060,2,0,1,247,41,30,30,NULL,NULL),(506,2,2614220,4,0,1,247,30,30,30,NULL,NULL),(507,1,1441150,3,0,1,247,62,62,30,NULL,NULL),(508,4,60864990,4,0,1,243,65,50,67,NULL,NULL),(509,3,5166710,1,0,0,248,64,45,NULL,NULL,NULL),(510,1,8189530,2,0,0,248,45,45,NULL,NULL,NULL),(511,2,21442450,3,0,0,248,42,45,NULL,NULL,NULL),(512,4,24666330,4,0,0,248,47,45,NULL,NULL,NULL),(513,2,128869470,1,0,0,249,35,32,NULL,NULL,NULL),(514,3,169005910,2,0,0,249,55,35,NULL,NULL,NULL),(515,1,512819550,3,0,0,249,32,32,NULL,NULL,NULL),(519,2,323530,1,0,1,251,40,40,40,NULL,NULL),(520,3,462000,3,0,1,251,34,40,40,NULL,NULL),(521,1,328620,2,0,1,251,70,40,40,NULL,NULL),(522,3,3580960,2,0,0,252,59,62,NULL,NULL,NULL),(523,1,2582440,1,0,1,252,41,62,62,NULL,NULL),(524,2,59896400,4,0,0,252,30,62,NULL,NULL,NULL),(525,4,30571330,3,0,0,252,62,62,NULL,NULL,NULL),(526,3,2019410,4,0,1,253,39,38,39,NULL,NULL),(527,1,485180,2,0,1,253,48,38,39,NULL,NULL),(528,2,1292600,3,0,1,253,38,38,39,NULL,NULL),(529,4,34350,1,0,1,253,43,38,39,NULL,NULL),(530,2,10410000,1,0,0,250,61,37,NULL,NULL,NULL),(531,3,26403000,2,0,0,250,37,37,NULL,NULL,NULL),(532,1,47690030,3,0,0,250,44,37,NULL,NULL,NULL),(533,1,523090,1,0,1,254,35,35,32,NULL,NULL),(534,3,636000,2,0,0,254,55,35,NULL,NULL,NULL),(535,2,1582030,3,0,0,254,32,35,NULL,NULL,NULL),(536,1,350028130,3,0,1,255,40,40,40,NULL,NULL),(537,3,148064260,1,0,1,255,34,40,40,NULL,NULL),(538,2,239082850,2,0,1,255,70,40,40,NULL,NULL),(539,3,33677290,4,0,1,256,66,66,69,NULL,NULL),(540,1,7207130,2,0,1,256,53,1,66,NULL,NULL),(541,2,7375100,3,0,1,256,1,1,66,NULL,NULL),(542,4,2482800,1,0,1,256,69,66,69,NULL,NULL),(543,3,42953910,3,0,1,257,71,50,50,NULL,NULL),(544,1,9967260,1,0,1,257,67,67,50,NULL,NULL),(545,2,39944740,2,0,1,257,50,50,50,NULL,NULL),(546,4,81785128,4,0,1,257,65,50,50,NULL,NULL),(547,2,15939530,1,0,1,258,31,31,31,NULL,NULL),(548,3,155050030,3,0,1,258,54,31,31,NULL,NULL),(549,1,71009510,2,0,1,258,46,31,31,NULL,NULL),(550,2,98901140,2,0,0,259,59,62,NULL,NULL,NULL),(551,4,161403810,3,0,0,259,41,62,NULL,NULL,NULL),(552,1,67878160,1,0,0,259,30,62,NULL,NULL,NULL),(553,3,215800000,4,0,0,259,62,62,NULL,NULL,NULL),(554,2,491070,1,0,0,260,64,45,NULL,NULL,NULL),(555,4,1503370,4,0,0,260,45,45,NULL,NULL,NULL),(556,1,962870,3,0,0,260,42,45,NULL,NULL,NULL),(557,3,621300,2,0,0,260,47,45,NULL,NULL,NULL),(558,2,4447010,1,0,1,261,39,38,38,NULL,NULL),(559,4,19648720,4,0,1,261,48,39,38,NULL,NULL),(560,1,7423240,2,0,1,261,38,38,38,NULL,NULL),(561,3,9573670,3,0,1,261,43,38,38,NULL,NULL),(562,3,16885650,1,0,0,262,35,35,NULL,NULL,NULL),(563,1,22554170,2,0,0,262,55,35,NULL,NULL,NULL),(564,2,36543270,3,0,0,262,32,35,NULL,NULL,NULL),(565,1,145892430,2,0,0,264,61,44,NULL,NULL,NULL),(566,3,115188710,1,0,0,264,37,44,NULL,NULL,NULL),(567,2,671290810,3,0,0,264,44,44,NULL,NULL,NULL),(568,3,39098620,3,0,0,263,40,40,NULL,NULL,NULL),(569,1,16099910,1,0,0,263,34,40,NULL,NULL,NULL),(570,2,24565650,2,0,0,263,70,40,NULL,NULL,NULL),(571,2,183000,1,0,1,265,66,1,69,NULL,NULL),(572,4,595680,4,0,0,265,53,1,NULL,NULL,NULL),(573,1,545680,3,0,1,265,1,1,69,NULL,NULL),(574,3,303560,2,0,1,265,69,1,69,NULL,NULL),(575,2,57000,1,0,1,266,71,67,50,NULL,NULL),(576,4,843560,4,0,1,266,67,50,50,NULL,NULL),(577,1,378410,2,0,1,266,50,67,50,NULL,NULL),(578,3,575770,3,0,1,266,65,50,50,NULL,NULL),(579,1,42715740,3,0,0,267,64,45,NULL,NULL,NULL),(580,2,41630950,2,0,0,267,45,45,NULL,NULL,NULL),(581,3,30028960,1,0,0,267,42,45,NULL,NULL,NULL),(582,4,112357350,4,0,0,267,47,45,NULL,NULL,NULL),(583,1,225000000,3,0,1,268,31,31,31,NULL,NULL),(584,3,-1,0,1,1,268,54,31,31,NULL,NULL),(585,2,196240080,2,0,1,268,46,31,31,NULL,NULL),(586,3,32816550,2,0,0,269,61,44,NULL,NULL,NULL),(587,1,27621970,1,0,0,269,37,44,NULL,NULL,NULL),(588,2,3030287710,3,0,0,269,44,44,NULL,NULL,NULL),(589,1,18228930,4,0,0,270,59,62,NULL,NULL,NULL),(590,2,7035590,1,0,0,270,41,62,NULL,NULL,NULL),(591,3,11189640,2,0,0,270,30,62,NULL,NULL,NULL),(592,4,11939880,3,0,0,270,62,62,NULL,NULL,NULL),(593,1,326680500,3,0,1,271,39,39,39,NULL,NULL),(594,2,252023160,2,0,1,271,48,39,48,NULL,NULL),(595,3,130341320,1,0,1,271,38,39,48,NULL,NULL),(596,4,567584350,4,0,1,271,43,39,48,NULL,NULL),(601,1,393530,3,0,1,273,71,50,67,NULL,NULL),(602,2,271530,1,0,1,273,67,50,67,NULL,NULL),(603,3,394060,4,0,1,273,50,67,67,NULL,NULL),(604,4,277530,2,0,1,273,65,67,67,NULL,NULL),(605,1,4450060,1,0,0,272,66,1,NULL,NULL,NULL),(606,2,11069670,3,0,0,272,53,1,NULL,NULL,NULL),(607,3,14085920,4,0,0,272,1,1,NULL,NULL,NULL),(608,4,10845390,2,0,0,272,69,1,NULL,NULL,NULL),(609,1,1378780,3,0,0,274,35,35,NULL,NULL,NULL),(610,2,621560,1,0,0,274,55,35,NULL,NULL,NULL),(611,3,769210,2,0,0,274,32,35,NULL,NULL,NULL),(612,3,465180,3,0,1,276,31,31,31,NULL,NULL),(613,1,239030,2,0,1,276,54,31,31,NULL,NULL),(614,2,190000,1,0,1,276,46,31,31,NULL,NULL),(615,1,14752062,1,0,0,275,40,40,NULL,NULL,NULL),(616,2,130468110,3,0,0,275,34,40,NULL,NULL,NULL),(617,3,17351600,2,0,0,275,70,40,NULL,NULL,NULL),(618,1,8762990,1,0,0,277,61,44,NULL,NULL,NULL),(619,2,10560460,2,0,0,277,37,44,NULL,NULL,NULL),(620,3,51293350,3,0,0,277,44,44,NULL,NULL,NULL),(621,1,1049090,2,0,1,278,31,31,31,NULL,NULL),(622,2,756490,1,0,1,278,54,31,31,NULL,NULL),(623,3,4323910,3,0,1,278,46,31,31,NULL,NULL),(624,2,NULL,NULL,0,0,279,44,NULL,NULL,NULL,NULL),(625,1,NULL,NULL,0,0,279,32,NULL,NULL,NULL,NULL),(626,3,NULL,NULL,0,0,279,1,NULL,NULL,NULL,NULL),(627,2,4171520,2,0,0,280,65,62,NULL,NULL,NULL),(628,1,38867780,3,0,0,280,62,62,NULL,NULL,NULL),(629,3,1672940,1,0,0,280,53,62,NULL,NULL,NULL),(630,2,824759420,3,0,0,281,47,45,NULL,NULL,NULL),(631,1,595675900,2,0,0,281,31,45,NULL,NULL,NULL),(632,3,6440200,1,0,0,281,45,45,NULL,NULL,NULL),(633,4,223240,1,0,1,282,34,48,48,NULL,NULL),(634,3,421800,3,0,1,282,71,48,48,NULL,NULL),(635,2,383770,2,0,1,282,72,48,48,NULL,NULL),(636,1,752030,4,0,1,282,48,48,48,NULL,NULL),(637,4,2543340,1,0,0,283,50,50,NULL,NULL,NULL),(638,3,28934390,4,0,0,283,74,50,NULL,NULL,NULL),(639,2,26363670,3,0,1,283,55,50,50,NULL,NULL),(640,1,18293610,2,0,1,283,54,50,50,NULL,NULL),(641,4,787649000,4,0,0,284,46,59,NULL,NULL,NULL),(642,3,227767940,3,0,0,284,40,59,NULL,NULL,NULL),(643,2,158604800,2,0,0,284,59,59,NULL,NULL,NULL),(644,1,85906430,1,0,0,284,37,59,NULL,NULL,NULL),(645,4,659810,3,0,1,285,66,67,35,NULL,NULL),(646,3,3460280,4,0,1,285,35,67,35,NULL,NULL),(647,2,368980,1,0,1,285,61,67,66,NULL,NULL),(648,1,487030,2,0,1,285,67,67,66,NULL,NULL),(649,4,21261440,2,0,0,286,41,69,NULL,NULL,NULL),(650,3,76634520,4,0,0,286,73,69,NULL,NULL,NULL),(651,2,28558140,3,0,0,286,64,69,NULL,NULL,NULL),(652,1,19423000,1,0,0,286,69,69,NULL,NULL,NULL),(653,2,361431080,3,0,0,287,44,1,NULL,NULL,NULL),(654,1,2326620,1,0,0,287,32,1,NULL,NULL,NULL),(655,3,8124380,2,0,0,287,1,1,NULL,NULL,NULL),(656,2,1132620,3,0,0,288,65,62,NULL,NULL,NULL),(657,3,385530,2,0,0,288,62,62,NULL,NULL,NULL),(658,1,287000,1,0,0,288,53,62,NULL,NULL,NULL),(659,3,69734780,3,0,0,289,34,34,NULL,NULL,NULL),(660,1,1600170,1,0,0,289,71,34,NULL,NULL,NULL),(661,4,6218400,2,0,1,289,72,34,34,NULL,NULL),(662,2,110422380,4,0,0,289,48,34,NULL,NULL,NULL),(663,3,41106290,3,0,1,290,66,66,66,NULL,NULL),(664,1,22023230,1,0,1,290,35,66,66,NULL,NULL),(665,4,27433360,2,0,1,290,61,66,66,NULL,NULL),(666,2,101186940,4,0,1,290,67,66,66,NULL,NULL),(667,3,410400,2,0,0,291,41,73,NULL,NULL,NULL),(668,1,218740,1,0,0,291,73,69,NULL,NULL,NULL),(669,4,536970,3,0,0,291,64,73,NULL,NULL,NULL),(670,2,592450,4,0,0,291,69,73,NULL,NULL,NULL),(671,3,119817730,3,0,0,292,46,59,NULL,NULL,NULL),(672,1,228603630,4,0,0,292,40,59,NULL,NULL,NULL),(673,4,54140390,2,0,0,292,59,59,NULL,NULL,NULL),(674,2,26588960,1,0,0,292,37,59,NULL,NULL,NULL),(675,2,317164170,1,0,0,293,47,45,NULL,NULL,NULL),(676,3,417615160,2,0,0,293,31,45,NULL,NULL,NULL),(677,1,754050230,3,0,0,293,45,45,NULL,NULL,NULL),(678,3,853090,3,0,0,294,50,50,NULL,NULL,NULL),(679,1,616030,2,0,0,294,74,50,NULL,NULL,NULL),(680,4,2312120,4,0,0,294,55,50,NULL,NULL,NULL),(681,2,172530,1,0,0,294,54,50,NULL,NULL,NULL),(682,1,25900930,3,0,0,295,65,62,NULL,NULL,NULL),(683,3,3521390,1,0,0,295,62,62,NULL,NULL,NULL),(684,2,19570920,2,0,0,295,53,62,NULL,NULL,NULL),(685,2,31639140,2,0,0,296,41,69,NULL,NULL,NULL),(686,4,45744280,3,0,0,296,73,69,NULL,NULL,NULL),(687,1,112652130,4,0,0,296,64,69,NULL,NULL,NULL),(688,3,29983890,1,0,0,296,69,69,NULL,NULL,NULL),(689,1,382010,1,0,0,297,47,45,NULL,NULL,NULL),(690,3,3292440,3,0,0,297,31,45,NULL,NULL,NULL),(691,2,480160,2,0,0,297,45,45,NULL,NULL,NULL),(692,2,841710,4,0,1,298,66,66,67,NULL,NULL),(693,4,574030,3,0,1,298,35,66,67,NULL,NULL),(694,1,325560,2,0,1,298,61,67,67,NULL,NULL),(695,3,81000,1,0,1,298,67,66,67,NULL,NULL),(696,2,24514140,1,0,0,299,50,50,NULL,NULL,NULL),(697,4,35911670,2,0,0,299,74,50,NULL,NULL,NULL),(698,1,105424430,4,0,0,299,55,50,NULL,NULL,NULL),(699,3,45838980,3,0,0,299,54,50,NULL,NULL,NULL),(700,2,59129090,4,0,1,301,34,48,48,NULL,NULL),(701,4,4022690,2,0,1,301,71,48,48,NULL,NULL),(702,1,3433410,1,0,1,301,72,48,48,NULL,NULL),(703,3,22290500,3,0,1,301,48,48,48,NULL,NULL),(704,3,60868860,3,0,0,300,65,62,NULL,NULL,NULL),(705,1,15089780,1,0,0,300,62,62,NULL,NULL,NULL),(706,2,23569090,2,0,0,300,53,62,NULL,NULL,NULL),(707,2,46791470,4,0,0,302,46,59,NULL,NULL,NULL),(708,4,46088580,3,0,0,302,40,59,NULL,NULL,NULL),(709,1,4559430,1,0,0,302,59,59,NULL,NULL,NULL),(710,3,9527650,2,0,0,302,37,59,NULL,NULL,NULL),(711,3,69859770,3,0,0,303,47,45,NULL,NULL,NULL),(712,1,7374270,2,0,0,303,31,45,NULL,NULL,NULL),(713,2,4774250,1,0,0,303,45,45,NULL,NULL,NULL),(714,2,1476380,2,0,1,305,44,1,1,NULL,NULL),(715,3,2228190,3,0,0,305,32,1,NULL,NULL,NULL),(716,1,465570,1,0,1,305,1,1,1,NULL,NULL),(717,1,478560,4,0,0,304,41,69,NULL,NULL,NULL),(718,2,102060,2,0,0,304,73,69,NULL,NULL,NULL),(719,3,355240,3,0,0,304,64,69,NULL,NULL,NULL),(720,4,-1,0,1,0,304,69,69,NULL,NULL,NULL),(721,1,87194830,3,0,1,306,66,66,67,NULL,NULL),(722,2,65117140,2,0,1,306,35,66,67,NULL,NULL),(723,3,54311210,1,0,1,306,61,66,67,NULL,NULL),(724,4,112620700,4,0,1,306,67,66,67,NULL,NULL),(725,1,46742580,2,0,0,307,50,50,NULL,NULL,NULL),(726,2,21292380,1,0,0,307,74,50,NULL,NULL,NULL),(727,3,150648200,3,0,0,307,55,50,NULL,NULL,NULL),(728,4,351001200,4,0,0,307,54,50,NULL,NULL,NULL),(729,1,38495580,2,0,0,308,65,62,NULL,NULL,NULL),(730,2,37834960,1,0,0,308,62,62,NULL,NULL,NULL),(731,3,106896450,3,0,0,308,53,62,NULL,NULL,NULL),(732,1,1706038340,3,0,0,309,44,1,NULL,NULL,NULL),(733,3,1589640240,2,0,0,309,32,1,NULL,NULL,NULL),(734,2,15612370,1,0,0,309,1,1,NULL,NULL,NULL),(735,1,4454500,4,0,0,310,46,59,NULL,NULL,NULL),(736,2,1009620,2,0,0,310,40,59,NULL,NULL,NULL),(737,3,658690,1,0,0,310,59,59,NULL,NULL,NULL),(738,4,2103960,3,0,0,310,37,59,NULL,NULL,NULL),(739,1,18282930,2,0,0,311,47,45,NULL,NULL,NULL),(740,2,74463730,3,0,0,311,31,45,NULL,NULL,NULL),(741,3,10870230,1,0,0,311,45,45,NULL,NULL,NULL),(742,1,4503340,2,0,1,312,34,48,48,NULL,NULL),(743,2,7511640,3,0,1,312,71,48,48,NULL,NULL),(744,3,3432320,1,0,1,312,72,48,48,NULL,NULL),(745,4,55790920,4,0,1,312,48,48,48,NULL,NULL),(746,3,223560,2,0,0,313,44,1,NULL,NULL,NULL),(747,1,214060,1,0,0,313,32,1,NULL,NULL,NULL),(748,2,448560,3,0,0,313,1,1,NULL,NULL,NULL),(749,1,23080080,3,0,0,314,44,1,NULL,NULL,NULL),(750,2,10820760,1,0,0,314,32,1,NULL,NULL,NULL),(751,3,12794990,2,0,0,314,1,1,NULL,NULL,NULL),(752,2,43868560,3,0,0,315,46,48,NULL,NULL,NULL),(753,1,12226470,1,0,0,315,48,48,NULL,NULL,NULL),(754,3,25292790,2,0,0,315,55,48,NULL,NULL,NULL),(755,2,308832620,3,0,0,316,44,44,NULL,NULL,NULL),(756,1,45761260,1,0,0,316,64,44,NULL,NULL,NULL),(757,3,57297230,2,0,0,316,65,44,NULL,NULL,NULL),(758,2,117640,1,0,0,317,66,66,NULL,NULL,NULL),(759,1,664820,2,0,0,317,31,66,NULL,NULL,NULL),(760,3,1744670,3,0,0,317,40,66,NULL,NULL,NULL),(761,2,40144700,3,0,0,318,39,67,NULL,NULL,NULL),(762,1,5636730,1,0,0,318,67,35,NULL,NULL,NULL),(763,3,30865950,2,0,0,318,35,35,NULL,NULL,NULL),(764,4,1064300790,4,0,1,319,54,38,38,NULL,NULL),(765,3,505717250,3,0,1,319,34,38,38,NULL,NULL),(766,2,66415630,1,0,1,319,38,38,38,NULL,NULL),(767,1,91209190,2,0,1,319,77,38,38,NULL,NULL),(768,4,NULL,NULL,0,0,320,41,NULL,NULL,NULL,NULL),(769,3,NULL,NULL,0,0,320,51,NULL,NULL,NULL,NULL),(770,2,NULL,NULL,0,0,320,76,NULL,NULL,NULL,NULL),(771,1,NULL,NULL,0,0,320,73,NULL,NULL,NULL,NULL),(772,4,7814540,3,0,0,321,47,71,NULL,NULL,NULL),(773,3,7616510,2,0,0,321,71,71,NULL,NULL,NULL),(774,2,7304940,1,0,0,321,79,71,NULL,NULL,NULL),(775,1,10203890,4,0,0,321,53,71,NULL,NULL,NULL),(776,4,26823540,4,0,1,322,1,1,45,NULL,NULL),(777,3,8832710,2,0,1,322,32,1,45,NULL,NULL),(778,2,17848480,3,0,1,322,45,62,1,NULL,NULL),(779,1,6240660,1,0,1,322,62,1,45,NULL,NULL),(780,4,2031540,4,0,0,323,37,50,NULL,NULL,NULL),(781,3,1072640,2,0,0,323,28,50,NULL,NULL,NULL),(782,2,1284580,3,0,0,323,50,50,NULL,NULL,NULL),(783,1,212350,1,0,0,323,78,50,NULL,NULL,NULL),(784,4,24401350,2,0,0,324,61,59,NULL,NULL,NULL),(785,3,47812060,4,0,0,324,72,59,NULL,NULL,NULL),(786,2,17984670,1,0,0,324,59,59,NULL,NULL,NULL),(787,1,32752940,3,0,0,324,69,72,NULL,NULL,NULL),(788,2,8634280,1,0,0,325,66,66,NULL,NULL,NULL),(789,3,96411740,3,0,0,325,31,66,NULL,NULL,NULL),(790,1,60553410,2,0,0,325,40,66,NULL,NULL,NULL),(791,4,37391340,4,0,0,326,41,76,NULL,NULL,NULL),(792,3,6616250,2,0,0,326,51,76,NULL,NULL,NULL),(793,2,17277090,3,0,0,326,76,76,NULL,NULL,NULL),(794,1,2430370,1,0,0,326,73,76,NULL,NULL,NULL),(795,2,15584170,1,0,0,327,46,48,NULL,NULL,NULL),(796,3,31047440,3,0,0,327,48,48,NULL,NULL,NULL),(797,1,20328280,2,0,0,327,55,48,NULL,NULL,NULL),(798,2,293674790,3,0,0,328,39,35,NULL,NULL,NULL),(799,3,101484770,2,0,0,328,67,35,NULL,NULL,NULL),(800,1,92786830,1,0,0,328,35,35,NULL,NULL,NULL),(801,2,76243120,3,0,0,329,44,44,NULL,NULL,NULL),(802,3,3734760,1,0,0,329,64,44,NULL,NULL,NULL),(803,1,6020810,2,0,0,329,65,44,NULL,NULL,NULL),(804,3,606860,2,0,1,330,1,1,32,NULL,NULL),(805,1,2657660,4,0,1,330,32,1,32,NULL,NULL),(806,4,1222580,3,0,1,330,45,1,32,NULL,NULL),(807,2,581210,1,0,1,330,62,1,32,NULL,NULL),(808,3,97908300,4,0,1,331,54,38,38,NULL,NULL),(809,1,82681690,3,0,1,331,34,38,34,NULL,NULL),(810,4,45576860,2,0,1,331,38,38,38,NULL,NULL),(811,2,24315740,1,0,1,331,77,38,38,NULL,NULL),(812,3,30363490,4,0,0,332,47,79,NULL,NULL,NULL),(813,1,3817520,2,0,0,332,71,79,NULL,NULL,NULL),(814,4,3529540,1,0,0,332,79,79,NULL,NULL,NULL),(815,2,6586450,3,0,0,332,53,79,NULL,NULL,NULL),(816,3,115146650,2,0,0,333,37,50,NULL,NULL,NULL),(817,1,161168190,3,0,0,333,28,50,NULL,NULL,NULL),(818,4,415607150,4,0,0,333,50,50,NULL,NULL,NULL),(819,2,17350000,1,0,0,333,78,50,NULL,NULL,NULL),(820,3,80852210,4,0,1,334,61,72,59,NULL,NULL),(821,1,17795060,3,0,1,334,72,72,59,NULL,NULL),(822,4,3308160,1,0,1,334,59,72,59,NULL,NULL),(823,2,6586450,2,0,1,334,69,72,59,NULL,NULL),(824,1,362270,1,0,0,336,39,39,NULL,NULL,NULL),(825,3,444120,2,0,0,336,67,39,NULL,NULL,NULL),(826,2,2543760,3,0,0,336,35,39,NULL,NULL,NULL),(827,3,3855710,2,0,0,337,41,73,NULL,NULL,NULL),(828,1,16963820,4,0,0,337,51,73,NULL,NULL,NULL),(829,4,4136100,3,0,0,337,76,73,NULL,NULL,NULL),(830,2,2356100,1,0,0,337,73,73,NULL,NULL,NULL),(831,1,35997630,3,0,0,335,66,66,NULL,NULL,NULL),(832,3,2708840,1,0,0,335,31,66,NULL,NULL,NULL),(833,2,16972660,2,0,0,335,40,66,NULL,NULL,NULL),(834,2,NULL,NULL,0,0,338,1,NULL,NULL,NULL,NULL),(835,4,NULL,NULL,0,0,338,32,NULL,NULL,NULL,NULL),(836,1,NULL,NULL,0,0,338,45,NULL,NULL,NULL,NULL),(837,3,NULL,NULL,0,0,338,62,NULL,NULL,NULL,NULL),(838,2,NULL,NULL,0,0,339,47,NULL,NULL,NULL,NULL),(839,4,NULL,NULL,0,0,339,71,NULL,NULL,NULL,NULL),(840,1,NULL,NULL,0,0,339,79,NULL,NULL,NULL,NULL),(841,3,NULL,NULL,0,0,339,53,NULL,NULL,NULL,NULL),(842,1,NULL,NULL,0,0,340,46,NULL,NULL,NULL,NULL),(843,3,NULL,NULL,0,0,340,48,NULL,NULL,NULL,NULL),(844,2,NULL,NULL,0,0,340,55,NULL,NULL,NULL,NULL),(849,1,NULL,NULL,0,0,343,44,NULL,NULL,NULL,NULL),(850,3,NULL,NULL,0,0,343,64,NULL,NULL,NULL,NULL),(851,2,NULL,NULL,0,0,343,65,NULL,NULL,NULL,NULL),(852,2,NULL,NULL,0,0,342,61,NULL,NULL,NULL,NULL),(853,4,NULL,NULL,0,0,342,72,NULL,NULL,NULL,NULL),(854,1,NULL,NULL,0,0,342,59,NULL,NULL,NULL,NULL),(855,3,NULL,NULL,0,0,342,69,NULL,NULL,NULL,NULL),(856,2,NULL,NULL,0,0,344,54,NULL,NULL,NULL,NULL),(857,4,NULL,NULL,0,0,344,34,NULL,NULL,NULL,NULL),(858,1,NULL,NULL,0,0,344,38,NULL,NULL,NULL,NULL),(859,3,NULL,NULL,0,0,344,77,NULL,NULL,NULL,NULL),(860,2,NULL,NULL,0,0,345,41,NULL,NULL,NULL,NULL),(861,4,NULL,NULL,0,0,345,51,NULL,NULL,NULL,NULL),(862,1,NULL,NULL,0,0,345,76,NULL,NULL,NULL,NULL),(863,3,NULL,NULL,0,0,345,73,NULL,NULL,NULL,NULL);
/*!40000 ALTER TABLE `score` ENABLE KEYS */;
UNLOCK TABLES;

--
-- Table structure for table `matchuser`
--

DROP TABLE IF EXISTS `matchuser`;
/*!40101 SET @saved_cs_client     = @@character_set_client */;
/*!40101 SET character_set_client = utf8 */;
CREATE TABLE `matchuser` (
  `id` int(11) NOT NULL AUTO_INCREMENT,
  `starting_playernum` int(11) NOT NULL,
  `matchrank` int(11) DEFAULT NULL,
  `game_count` int(11) NOT NULL,
  `opponent_count` int(11) NOT NULL,
  `match_id` int(11) NOT NULL,
  `user_id` int(11) NOT NULL,
  `created_at` int(11) DEFAULT NULL,
  `updated_at` int(11) DEFAULT NULL,
  `bonuspoints` int(11) NOT NULL DEFAULT '0',
  `forfeit_opponent_count` int(11) NOT NULL DEFAULT '0',
  PRIMARY KEY (`id`),
  KEY `match_key` (`match_id`),
  KEY `user_key` (`user_id`),
  CONSTRAINT `matchuser_ibfk_1` FOREIGN KEY (`match_id`) REFERENCES `match` (`id`),
  CONSTRAINT `matchuser_ibfk_2` FOREIGN KEY (`user_id`) REFERENCES `user` (`id`)
) ENGINE=InnoDB AUTO_INCREMENT=256 DEFAULT CHARSET=utf8 COLLATE=utf8_unicode_ci;
/*!40101 SET character_set_client = @saved_cs_client */;

--
-- Dumping data for table `matchuser`
--

LOCK TABLES `matchuser` WRITE;
/*!40000 ALTER TABLE `matchuser` DISABLE KEYS */;
INSERT INTO `matchuser` VALUES (1,1,2,0,0,5,44,1503252939,1503258357,0,0),(2,1,1,0,0,6,37,1503252939,1503259123,0,0),(3,1,2,0,0,7,32,1503252939,1503258313,0,0),(4,1,2,0,0,8,54,1503252939,1503262024,0,0),(5,1,2,0,0,1,34,1503252939,1503259280,0,0),(6,1,2,0,0,2,31,1503252939,1503255396,0,0),(7,1,2,0,0,3,33,1503252939,1503255160,0,0),(8,1,2,0,0,4,46,1503252939,1503255616,0,0),(9,2,1,0,0,4,55,1503252939,1503255616,0,0),(10,2,1,0,0,3,40,1503252939,1503255160,0,0),(11,2,1,0,0,2,35,1503252939,1503255396,0,0),(12,2,1,0,0,1,61,1503252939,1503259280,0,0),(13,1,1,0,0,41,28,1503253369,1503259233,0,0),(14,1,2,0,0,42,45,1503253369,1503256736,0,0),(15,1,1,0,0,35,48,1503253369,1503255833,0,0),(16,1,2,0,0,36,1,1503253369,1503256327,0,0),(17,1,1,0,0,37,38,1503253369,1503256322,0,0),(18,1,2,0,0,38,50,1503253369,1503255005,0,0),(19,1,1,0,0,39,41,1503253369,1503255450,0,0),(20,1,1,0,0,40,51,1503253369,1503256235,0,0),(21,2,2,0,0,40,39,1503253369,1503256235,0,0),(22,2,2,0,0,39,30,1503253369,1503255450,0,0),(23,2,1,0,0,38,49,1503253369,1503255005,0,0),(24,2,2,0,0,37,53,1503253369,1503256322,0,0),(25,2,1,0,0,36,42,1503253369,1503256327,0,0),(26,2,2,0,0,35,47,1503253369,1503255833,0,0),(27,2,1,0,0,43,49,1503255005,1503260878,0,0),(28,1,1,0,0,45,50,1503255005,1503256870,0,0),(29,2,2,0,0,6,40,1503255160,1503259123,0,0),(30,2,1,0,0,11,33,1503255160,1503262558,0,0),(31,2,1,0,0,7,35,1503255396,1503258313,0,0),(32,2,2,0,0,10,31,1503255396,1503260088,0,0),(33,2,1,0,0,42,41,1503255450,1503256736,0,0),(34,2,2,0,0,49,30,1503255450,1503259327,0,0),(35,2,1,0,0,5,55,1503255616,1503258357,0,0),(36,2,2,0,0,12,46,1503255616,1503260230,0,0),(37,1,2,0,0,43,48,1503255833,1503260878,0,0),(38,2,2,0,0,45,47,1503255833,1503256870,0,0),(39,2,2,0,0,41,51,1503256235,1503259233,0,0),(40,2,1,0,0,50,39,1503256235,1503260441,0,0),(41,2,1,0,0,44,38,1503256322,1503261051,0,0),(42,1,1,0,0,46,53,1503256322,1503260170,0,0),(43,1,2,0,0,44,42,1503256327,1503261051,0,0),(44,2,2,0,0,46,1,1503256327,1503260170,0,0),(45,1,2,0,0,52,41,1503256736,1503263235,0,0),(46,1,1,0,0,49,45,1503256736,1503259327,0,0),(47,2,2,0,0,48,50,1503256870,1503262107,0,0),(48,2,2,0,0,61,47,1503256870,1503265772,0,0),(49,2,1,0,0,14,35,1503258313,1503263148,0,0),(50,1,1,0,0,10,32,1503258313,1503260088,0,0),(51,1,1,0,0,13,55,1503258357,1503265165,0,0),(52,1,1,0,0,12,44,1503258357,1503260230,0,0),(55,1,2,0,0,14,37,1503259123,1503263148,0,0),(56,1,2,0,0,11,40,1503259123,1503262558,0,0),(57,1,1,0,0,51,28,1503259233,1503265245,0,0),(58,1,2,0,0,50,51,1503259233,1503260441,0,0),(60,2,1,0,0,8,61,1503259280,1503262024,0,0),(61,2,2,0,0,9,34,1503259280,1503264007,0,0),(62,2,2,0,0,54,45,1503259327,1503264339,0,0),(63,1,2,0,0,56,30,1503259327,1503263597,0,0),(64,1,1,0,0,16,32,1503260088,1503265536,0,0),(65,2,1,0,0,18,31,1503260088,1503265292,0,0),(66,2,2,0,0,47,53,1503260170,1503262407,0,0),(67,2,2,0,0,62,1,1503260170,1503269236,0,0),(68,2,1,0,0,15,44,1503260230,1503266675,0,0),(69,1,1,0,0,17,46,1503260230,1503265575,0,0),(70,2,1,0,0,53,39,1503260441,1503263316,0,0),(71,1,1,0,0,55,51,1503260441,1503263717,0,0),(73,2,1,0,0,52,49,1503260878,1503263235,0,0),(74,1,1,0,0,48,48,1503260878,1503262107,0,0),(75,2,2,0,0,51,38,1503261051,1503265245,0,0),(76,1,1,0,0,47,42,1503261051,1503262407,0,0),(77,2,2,0,0,13,61,1503262024,1503265165,0,0),(78,1,1,0,0,9,54,1503262024,1503264007,0,0),(79,1,1,0,0,54,48,1503262107,1503264339,0,0),(80,2,1,0,0,56,50,1503262107,1503263597,0,0),(81,1,2,0,0,53,42,1503262407,1503263316,0,0),(82,2,2,0,0,55,53,1503262407,1503263717,0,0),(83,2,2,0,0,16,33,1503262558,1503265536,0,0),(84,1,2,0,0,18,40,1503262558,1503265292,0,0),(85,2,2,0,0,23,35,1503263148,1503267708,0,0),(86,1,2,0,0,19,37,1503263148,1503267796,0,0),(87,2,2,0,0,63,49,1503263235,1503270238,0,0),(88,1,2,0,0,57,41,1503263236,1503267964,0,0),(89,2,1,0,0,58,39,1503263316,1503267456,0,0),(90,1,2,0,0,60,42,1503263316,1503264542,0,0),(91,2,2,0,0,59,50,1503263597,1503265447,0,0),(92,1,1,0,0,61,30,1503263597,1503265772,0,0),(93,2,1,0,0,60,51,1503263717,1503264542,0,0),(94,1,1,0,0,62,53,1503263717,1503269236,0,0),(95,1,2,0,0,15,54,1503264007,1503266675,0,0),(96,2,2,0,0,17,34,1503264007,1503265575,0,0),(97,2,1,0,0,57,48,1503264339,1503267964,0,0),(98,1,1,0,0,59,45,1503264339,1503265447,0,0),(99,2,2,0,0,66,51,1503264542,1503266599,0,0),(100,1,1,0,0,67,42,1503264542,1503267315,0,0),(101,1,1,0,0,23,55,1503265165,1503267708,0,0),(102,1,1,0,0,20,61,1503265165,1503267767,0,0),(103,1,1,0,0,63,28,1503265245,1503270238,0,0),(104,1,2,0,0,58,38,1503265245,1503267456,0,0),(105,2,1,0,0,21,31,1503265292,1503267665,0,0),(106,1,1,0,0,28,40,1503265292,1503266527,0,0),(107,1,1,0,0,66,45,1503265447,1503266599,0,0),(108,2,2,0,0,67,50,1503265447,1503267315,0,0),(109,2,1,0,0,19,32,1503265536,1503267796,0,0),(110,1,2,0,0,21,33,1503265536,1503267665,0,0),(111,2,2,0,0,22,46,1503265575,1503269058,0,0),(112,2,2,0,0,28,34,1503265575,1503266527,0,0),(113,1,2,0,0,68,30,1503265772,1503271223,0,0),(114,2,2,0,0,69,47,1503265772,1503270395,0,0),(115,2,2,0,0,33,40,1503266527,1503274193,0,0),(116,2,1,0,0,72,45,1503266599,1503271780,0,0),(117,1,2,0,0,73,51,1503266599,1503268643,0,0),(118,2,2,0,0,20,44,1503266675,1503267767,0,0),(119,1,1,0,0,22,54,1503266675,1503269058,0,0),(120,2,1,0,0,73,42,1503267315,1503268643,0,0),(121,1,1,0,0,74,50,1503267315,1503273426,0,0),(122,2,1,0,0,64,39,1503267456,1503270190,0,0),(123,1,1,0,0,65,38,1503267456,1503270121,0,0),(125,1,1,0,0,26,31,1503267665,1503271182,0,0),(126,2,1,0,0,27,33,1503267665,1503271964,0,0),(127,1,2,0,0,34,55,1503267708,1503276919,0,0),(128,1,1,0,0,29,35,1503267708,1503271655,0,0),(129,2,2,0,0,24,61,1503267767,1503269559,0,0),(130,1,2,0,0,25,44,1503267767,1503271184,0,0),(131,1,1,0,0,24,32,1503267796,1503269559,0,0),(132,2,1,0,0,25,37,1503267796,1503271184,0,0),(133,1,2,0,0,64,48,1503267964,1503270190,0,0),(134,2,2,0,0,65,41,1503267964,1503270121,0,0),(135,2,2,0,0,26,54,1503269059,1503271182,0,0),(136,1,2,0,0,27,46,1503269059,1503271964,0,0),(137,2,1,0,0,68,53,1503269236,1503271223,0,0),(138,1,1,0,0,69,1,1503269236,1503270395,0,0),(139,2,2,0,0,29,32,1503269559,1503271655,0,0),(140,1,1,0,0,30,61,1503269559,1503272722,0,0),(141,2,2,0,0,71,38,1503270121,1503271703,0,0),(142,1,2,0,0,72,41,1503270121,1503271780,0,0),(143,2,1,0,0,70,39,1503270190,1503272527,0,0),(144,1,1,0,0,71,48,1503270190,1503271703,0,0),(145,1,1,0,0,76,28,1503270238,1503277502,0,0),(146,1,2,0,0,70,49,1503270238,1503272527,0,0),(147,2,2,0,0,75,1,1503270395,1503272988,0,0),(148,2,2,0,0,31,31,1503271182,1503273671,0,0),(149,1,1,0,0,32,54,1503271182,1503273688,0,0),(150,2,2,0,0,30,37,1503271184,1503272722,0,0),(151,1,1,0,0,31,44,1503271184,1503273671,0,0),(152,2,2,0,0,74,53,1503271223,1503273426,0,0),(153,1,1,0,0,75,30,1503271223,1503272988,0,0),(154,2,1,0,0,34,35,1503271655,1503276919,0,0),(155,2,2,0,0,32,33,1503271964,1503273688,0,0),(156,1,1,0,0,33,46,1503271964,1503274193,0,0),(157,2,2,0,0,76,39,1503272527,1503277502,0,0),(158,-1,3,6,18,77,35,1504840703,1504845408,0,0),(159,-1,2,6,18,77,55,1504840703,1504845408,0,0),(160,-1,1,6,18,77,32,1504840703,1504845408,0,0),(161,-1,3,5,15,78,61,1504840703,1504847034,0,0),(162,-1,2,5,15,78,37,1504840703,1504847034,0,0),(163,-1,1,5,15,78,44,1504840703,1504847034,1,0),(164,-1,1,5,15,79,31,1504840703,1504846752,0,1),(165,-1,2,5,12,79,54,1504840703,1504846752,0,0),(166,-1,3,5,15,79,46,1504840703,1504846752,0,1),(167,-1,3,5,15,80,40,1504840703,1504846841,0,0),(168,-1,2,5,15,80,34,1504840703,1504846841,0,0),(169,-1,1,5,15,80,70,1504840703,1504846841,0,0),(170,-1,2,4,16,81,71,1504840704,1504845057,0,0),(171,-1,4,4,16,81,67,1504840704,1504845057,0,0),(172,-1,2,4,16,81,50,1504840704,1504845057,0,0),(173,-1,3,4,16,82,66,1504840704,1504845560,0,0),(174,-1,2,4,16,82,53,1504840704,1504845560,0,0),(175,-1,1,4,16,82,1,1504840704,1504845560,0,0),(176,-1,4,4,16,82,69,1504840704,1504845560,0,0),(177,-1,4,4,16,83,64,1504840704,1504845376,0,0),(178,-1,2,4,16,83,45,1504840704,1504845376,0,0),(179,-1,2,4,16,83,42,1504840704,1504845376,0,0),(180,-1,1,4,16,83,47,1504840704,1504845376,0,0),(181,-1,1,4,16,84,39,1504840704,1504846238,0,0),(182,-1,2,4,16,84,48,1504840704,1504846238,0,0),(183,-1,2,4,16,84,38,1504840704,1504846238,0,0),(184,-1,4,4,16,84,43,1504840704,1504846238,0,0),(185,-1,3,4,16,85,59,1504840704,1504846055,0,0),(186,-1,4,4,16,85,41,1504840704,1504846055,0,0),(187,-1,2,4,16,85,30,1504840704,1504846055,0,0),(188,-1,1,4,16,85,62,1504840704,1504846055,0,0),(189,1,NULL,0,0,5,65,NULL,NULL,0,0),(190,-1,1,4,16,81,65,NULL,1504845057,0,0),(191,-1,1,5,15,86,44,1505444651,1505452319,0,0),(192,-1,3,5,15,86,32,1505444651,1505452319,0,0),(193,-1,2,5,15,86,1,1505444651,1505452319,0,0),(194,-1,1,5,15,87,65,1505444652,1505449814,0,0),(195,-1,3,5,15,87,62,1505444652,1505449814,0,0),(196,-1,2,5,15,87,53,1505444652,1505449814,0,0),(197,-1,2,5,15,88,47,1505444652,1505450466,0,0),(198,-1,1,5,15,88,31,1505444652,1505450466,0,0),(199,-1,3,5,15,88,45,1505444652,1505450466,0,0),(200,-1,2,4,16,89,34,1505444652,1505451414,0,0),(201,-1,3,4,16,89,71,1505444652,1505451414,0,0),(202,-1,4,4,16,89,72,1505444652,1505451414,0,0),(203,-1,1,4,16,89,48,1505444652,1505451414,0,0),(204,-1,4,4,16,90,50,1505444652,1505450304,0,0),(205,-1,3,4,16,90,74,1505444652,1505450304,0,0),(206,-1,1,4,16,90,55,1505444652,1505450304,0,0),(207,-1,2,4,16,90,54,1505444652,1505450304,0,0),(208,-1,1,4,16,91,46,1505444653,1505450417,0,0),(209,-1,2,4,16,91,40,1505444653,1505450417,0,0),(210,-1,4,4,16,91,59,1505444653,1505450417,0,0),(211,-1,3,4,16,91,37,1505444653,1505450417,0,0),(212,-1,1,4,16,92,66,1505444653,1505449155,0,0),(213,-1,3,4,16,92,35,1505444653,1505449155,0,0),(214,-1,4,4,16,92,61,1505444653,1505449155,0,0),(215,-1,2,4,16,92,67,1505444653,1505449155,0,0),(216,-1,2,4,16,93,41,1505444653,1505449420,0,1),(217,-1,2,4,16,93,73,1505444653,1505449420,0,1),(218,-1,1,4,16,93,64,1505444653,1505449420,0,1),(219,-1,4,4,12,93,69,1505444653,1505449420,0,0),(220,-1,NULL,2,6,94,46,1506049291,1506052358,0,0),(221,-1,NULL,2,6,94,48,1506049291,1506052358,0,0),(222,-1,NULL,2,6,94,55,1506049291,1506052358,0,0),(223,-1,NULL,2,6,95,44,1506049291,1506052970,0,0),(224,-1,NULL,2,6,95,64,1506049291,1506052970,0,0),(225,-1,NULL,2,6,95,65,1506049291,1506052970,0,0),(226,-1,NULL,3,9,96,66,1506049291,1506053465,0,0),(227,-1,NULL,3,9,96,31,1506049291,1506053465,0,0),(228,-1,NULL,3,9,96,40,1506049291,1506053465,0,0),(229,-1,NULL,3,9,97,39,1506049292,1506053442,0,0),(230,-1,NULL,3,9,97,67,1506049292,1506053442,0,0),(231,-1,NULL,3,9,97,35,1506049292,1506053442,0,0),(232,-1,NULL,3,12,98,54,1506049292,1506053164,0,0),(233,-1,NULL,3,12,98,34,1506049292,1506053164,0,0),(234,-1,NULL,3,12,98,38,1506049292,1506053164,0,0),(235,-1,NULL,3,12,98,77,1506049292,1506053164,0,0),(236,-1,NULL,2,8,99,41,1506049292,1506053343,0,0),(237,-1,NULL,2,8,99,51,1506049292,1506053343,0,0),(238,-1,NULL,2,8,99,76,1506049292,1506053343,0,0),(239,-1,NULL,2,8,99,73,1506049292,1506053343,0,0),(240,-1,NULL,2,8,100,47,1506049292,1506052341,0,0),(241,-1,NULL,2,8,100,71,1506049292,1506052341,0,0),(242,-1,NULL,2,8,100,79,1506049292,1506052341,0,0),(243,-1,NULL,2,8,100,53,1506049292,1506052341,0,0),(244,-1,NULL,2,8,101,1,1506049293,1506052294,0,0),(245,-1,NULL,2,8,101,32,1506049293,1506052294,0,0),(246,-1,NULL,2,8,101,45,1506049293,1506052294,0,0),(247,-1,NULL,2,8,101,62,1506049293,1506052294,0,0),(248,-1,NULL,2,8,102,37,1506049293,1506052795,0,0),(249,-1,NULL,2,8,102,28,1506049293,1506052795,0,0),(250,-1,NULL,2,8,102,50,1506049293,1506052795,0,0),(251,-1,NULL,2,8,102,78,1506049293,1506052795,0,0),(252,-1,NULL,2,8,103,61,1506049293,1506052965,0,0),(253,-1,NULL,2,8,103,72,1506049293,1506052965,0,0),(254,-1,NULL,2,8,103,59,1506049293,1506052965,0,0),(255,-1,NULL,2,8,103,69,1506049293,1506052965,0,0);
/*!40000 ALTER TABLE `matchuser` ENABLE KEYS */;
UNLOCK TABLES;

--
-- Table structure for table `seasonuser`
--

DROP TABLE IF EXISTS `seasonuser`;
/*!40101 SET @saved_cs_client     = @@character_set_client */;
/*!40101 SET character_set_client = utf8 */;
CREATE TABLE `seasonuser` (
  `id` int(11) NOT NULL AUTO_INCREMENT,
  `notes` varchar(255) COLLATE utf8_unicode_ci DEFAULT NULL,
  `matchpoints` int(11) NOT NULL,
  `game_count` int(11) NOT NULL,
  `opponent_count` int(11) NOT NULL,
  `match_count` int(11) NOT NULL,
  `dues` int(11) NOT NULL,
  `playoff_division` varchar(20) COLLATE utf8_unicode_ci DEFAULT NULL,
  `playoff_rank` int(11) DEFAULT NULL,
  `mpg` double GENERATED ALWAYS AS (if((`game_count` = 0),NULL,(`matchpoints` / `game_count`))) STORED,
  `user_id` int(11) NOT NULL,
  `season_id` int(11) NOT NULL,
  `created_at` int(11) DEFAULT NULL,
  `updated_at` int(11) DEFAULT NULL,
  `mpo` double GENERATED ALWAYS AS (if((`game_count` = 0),NULL,((`matchpoints` - `forfeit_opponent_count`) / (`opponent_count` - `forfeit_opponent_count`)))) STORED,
  `previous_season_rank` double DEFAULT NULL,
  `forfeit_opponent_count` int(11) NOT NULL DEFAULT '0',
  PRIMARY KEY (`id`),
  KEY `user_key` (`user_id`),
  KEY `season_key` (`season_id`),
  CONSTRAINT `seasonuser_ibfk_1` FOREIGN KEY (`user_id`) REFERENCES `user` (`id`),
  CONSTRAINT `seasonuser_ibfk_2` FOREIGN KEY (`season_id`) REFERENCES `season` (`id`)
) ENGINE=InnoDB AUTO_INCREMENT=74 DEFAULT CHARSET=utf8 COLLATE=utf8_unicode_ci;
/*!40101 SET character_set_client = @saved_cs_client */;

--
-- Dumping data for table `seasonuser`
--

LOCK TABLES `seasonuser` WRITE;
/*!40000 ALTER TABLE `seasonuser` DISABLE KEYS */;
INSERT INTO `seasonuser` (`id`, `notes`, `matchpoints`, `game_count`, `opponent_count`, `match_count`, `dues`, `playoff_division`, `playoff_rank`, `user_id`, `season_id`, `created_at`, `updated_at`, `previous_season_rank`, `forfeit_opponent_count`) VALUES (1,'',258,44,33,11,1,'A',5,44,1,NULL,1503273671,NULL,0),(2,'',240,44,33,11,1,'A',4,37,1,NULL,1503272722,NULL,0),(3,'',238,48,36,12,1,'A',2,32,1,NULL,1503271655,NULL,0),(4,'',218,48,36,12,1,'A',6,31,1,NULL,1503273671,NULL,0),(5,'',207,48,36,12,1,'A',9,46,1,NULL,1503274193,NULL,0),(6,'',186,40,30,10,1,'A',7,54,1,NULL,1503273688,NULL,0),(7,'',167,36,27,9,1,'A',11,34,1,NULL,1503266527,NULL,0),(8,'',163,40,30,10,1,'A',1,55,1,NULL,1503276919,NULL,0),(9,'',162,36,27,9,1,'A',8,33,1,NULL,1503273688,NULL,0),(10,'',162,40,30,10,1,'A',10,40,1,NULL,1503274193,NULL,0),(11,'',156,40,30,10,1,'A',0,35,1,NULL,1503276919,NULL,0),(12,'',147,40,30,10,1,'A',3,61,1,NULL,1503272722,NULL,0),(13,'',139,40,30,10,1,'B',2,49,1,NULL,1503272528,NULL,0),(14,'',137,32,24,8,1,'B',12,1,1,NULL,1503272988,NULL,0),(15,'',136,36,27,9,1,'B',6,41,1,NULL,1503271780,NULL,0),(16,'',134,36,27,9,1,NULL,NULL,74,1,NULL,NULL,NULL,0),(17,'',132,40,30,10,1,NULL,NULL,43,1,NULL,NULL,NULL,0),(18,'',129,28,21,7,1,'B',5,45,1,NULL,1503271780,NULL,0),(19,'',128,40,30,10,1,'B',10,53,1,NULL,1503273426,NULL,0),(20,'',119,32,24,8,1,'B',8,51,1,NULL,1503268643,NULL,0),(21,'',119,40,30,10,1,'B',13,47,1,NULL,1503270395,NULL,0),(22,'',113,32,24,8,1,NULL,NULL,59,1,NULL,NULL,NULL,0),(23,'',110,24,18,6,1,'B',3,48,1,NULL,1503271703,NULL,0),(24,'',101,28,21,7,1,'B',1,39,1,NULL,1503277502,NULL,0),(25,'',101,32,24,8,1,'B',7,42,1,NULL,1503268643,NULL,0),(26,'',98,24,18,6,1,NULL,NULL,56,1,NULL,NULL,NULL,0),(27,'',96,24,18,6,1,'B',4,38,1,NULL,1503271703,NULL,0),(28,'',96,20,15,5,1,'B',0,28,1,NULL,1503277502,NULL,0),(29,'',91,24,18,6,1,'B',9,50,1,NULL,1503273426,NULL,0),(30,'',79,20,15,5,1,NULL,NULL,70,1,NULL,NULL,NULL,0),(31,'',72,20,15,5,1,'B',11,30,1,NULL,1503272988,NULL,0),(32,NULL,15,9,31,2,1,NULL,NULL,37,2,1504688441,1505452341,5,0),(33,NULL,21,9,31,2,1,NULL,NULL,40,2,1504826983,1505452341,11,0),(34,NULL,23,9,31,2,1,NULL,NULL,1,2,1504838707,1505452341,25,0),(35,NULL,17,8,32,2,1,NULL,NULL,41,2,1504838719,1505452341,19,1),(36,NULL,11,4,16,1,0,NULL,NULL,39,2,1504838785,1504847074,14,0),(37,NULL,23,10,30,2,1,NULL,NULL,31,2,1504838904,1505452341,7,1),(38,NULL,15,8,32,2,1,NULL,NULL,59,2,1504838922,1505452341,21.985608585172,0),(39,NULL,20,9,31,2,0,NULL,NULL,34,2,1504838991,1505452341,12,0),(40,NULL,21,8,32,2,1,NULL,NULL,66,2,1504839104,1505452341,22.928535591312,0),(41,NULL,19,8,32,2,0,NULL,NULL,64,2,1504839127,1505452341,15.816008213822,1),(42,NULL,9,4,16,1,1,NULL,NULL,43,2,1504839347,1504847074,18.210130435047,0),(43,NULL,11,4,16,1,0,NULL,NULL,30,2,1504839447,1504847074,24,0),(44,NULL,10,4,16,1,0,NULL,NULL,38,2,1504839454,1504847074,17,0),(45,NULL,13,8,28,2,1,NULL,NULL,69,2,1504839493,1505452341,25.001850916074,0),(46,NULL,25,8,32,2,1,NULL,NULL,48,2,1504839536,1505452341,16,0),(47,NULL,21,9,31,2,1,NULL,NULL,53,2,1504839537,1505452341,23,0),(48,NULL,23,9,31,2,1,NULL,NULL,55,2,1504839580,1505452341,2,0),(49,NULL,19,9,31,2,1,NULL,NULL,45,2,1504839628,1505452341,18,0),(50,NULL,21,9,31,2,1,NULL,NULL,62,2,1504839657,1505452341,25.868795452113,0),(51,NULL,29,10,30,2,0,NULL,NULL,44,2,1504839676,1505452341,6,0),(52,NULL,22,10,30,2,0,NULL,NULL,32,2,1504839682,1505452341,3,0),(53,NULL,17,9,31,2,0,NULL,NULL,35,2,1504839732,1505452341,1,0),(54,NULL,11,5,15,1,1,NULL,NULL,70,2,1504839787,1505445928,13.207527569126,0),(55,NULL,24,9,31,2,1,NULL,NULL,46,2,1504839798,1506049001,10,1),(56,NULL,22,9,31,2,1,NULL,NULL,47,2,1504839876,1506049019,26,0),(57,NULL,20,8,28,2,0,NULL,NULL,54,2,1504839881,1505452341,8,0),(58,NULL,18,8,32,2,1,NULL,NULL,67,2,1504839977,1505452341,14.257513129738,0),(59,NULL,11,4,16,1,1,NULL,NULL,42,2,1504839978,1505445909,20,0),(60,NULL,17,8,32,2,0,NULL,NULL,50,2,1504840010,1505452341,22,0),(61,NULL,13,9,31,2,1,NULL,NULL,61,2,1504840251,1505452341,4,0),(63,NULL,19,8,32,2,1,NULL,NULL,71,2,1504840513,1505452341,13.897439075586,0),(64,NULL,26,9,31,2,0,NULL,NULL,65,2,1504841129,1505452341,21.635530792938,0),(65,NULL,6,4,16,1,0,NULL,NULL,72,2,1505443520,1505452341,14.105209502906,0),(66,NULL,10,4,16,1,0,NULL,NULL,73,2,1505443596,1505452341,25.41952266098,1),(67,NULL,9,4,16,1,0,NULL,NULL,74,2,1505443676,1505452341,24.894467319778,0),(68,NULL,0,0,0,0,0,NULL,NULL,76,2,1506044796,1506044796,23.823122260544,0),(69,NULL,0,0,0,0,0,NULL,NULL,28,2,1506046722,1506046722,13,0),(70,NULL,0,0,0,0,0,NULL,NULL,77,2,1506048037,1506048037,18.450865493366,0),(71,NULL,0,0,0,0,0,NULL,NULL,78,2,1506048203,1506048203,25.830370579767,0),(72,NULL,0,0,0,0,0,NULL,NULL,79,2,1506048404,1506048404,18.943347259864,0),(73,NULL,0,0,0,0,0,NULL,NULL,51,2,1506048718,1506048718,21,0);
/*!40000 ALTER TABLE `seasonuser` ENABLE KEYS */;
UNLOCK TABLES;

--
-- Table structure for table `sessionuser`
--

DROP TABLE IF EXISTS `sessionuser`;
/*!40101 SET @saved_cs_client     = @@character_set_client */;
/*!40101 SET character_set_client = utf8 */;
CREATE TABLE `sessionuser` (
  `id` int(11) NOT NULL AUTO_INCREMENT,
  `notes` varchar(255) COLLATE utf8_unicode_ci DEFAULT NULL,
  `status` int(11) NOT NULL,
  `user_id` int(11) NOT NULL,
  `session_id` int(11) NOT NULL,
  `recorder_id` int(11) NOT NULL,
  `created_at` int(11) DEFAULT NULL,
  `updated_at` int(11) DEFAULT NULL,
  `previous_performance` int(11) DEFAULT NULL,
  PRIMARY KEY (`id`),
  KEY `user_key` (`user_id`),
  KEY `session_key` (`session_id`),
  KEY `recorder_id` (`recorder_id`),
  CONSTRAINT `sessionuser_ibfk_1` FOREIGN KEY (`user_id`) REFERENCES `user` (`id`),
  CONSTRAINT `sessionuser_ibfk_2` FOREIGN KEY (`session_id`) REFERENCES `session` (`id`),
  CONSTRAINT `sessionuser_ibfk_3` FOREIGN KEY (`recorder_id`) REFERENCES `user` (`id`)
) ENGINE=InnoDB AUTO_INCREMENT=131 DEFAULT CHARSET=utf8 COLLATE=utf8_unicode_ci;
/*!40101 SET character_set_client = @saved_cs_client */;

--
-- Dumping data for table `sessionuser`
--

LOCK TABLES `sessionuser` WRITE;
/*!40000 ALTER TABLE `sessionuser` DISABLE KEYS */;
INSERT INTO `sessionuser` VALUES (1,NULL,1,44,1,1,1503249894,1503249894,NULL),(2,NULL,1,37,1,1,1503249894,1503249894,NULL),(3,NULL,1,32,1,1,1503249894,1503249894,NULL),(4,NULL,1,31,1,1,1503249894,1503249894,NULL),(5,NULL,1,46,1,1,1503249894,1503249894,NULL),(6,NULL,1,54,1,1,1503249894,1503249894,NULL),(7,NULL,1,34,1,1,1503249894,1503249894,NULL),(8,NULL,1,55,1,1,1503249894,1503249894,NULL),(9,NULL,1,33,1,1,1503249894,1503249894,NULL),(10,NULL,1,40,1,1,1503249894,1503249894,NULL),(11,NULL,1,35,1,1,1503249894,1503249894,NULL),(12,NULL,1,61,1,1,1503249894,1503249894,NULL),(13,NULL,1,49,2,1,1503249954,1503249954,NULL),(14,NULL,1,1,2,1,1503249954,1503249954,NULL),(15,NULL,1,41,2,1,1503249954,1503249954,NULL),(16,NULL,1,45,2,1,1503249954,1503249954,NULL),(17,NULL,1,53,2,1,1503249954,1503249954,NULL),(18,NULL,1,51,2,1,1503249954,1503249954,NULL),(19,NULL,1,47,2,1,1503249954,1503249954,NULL),(20,NULL,1,48,2,1,1503249954,1503249954,NULL),(21,NULL,1,39,2,1,1503249954,1503249954,NULL),(22,NULL,1,42,2,1,1503249954,1503249954,NULL),(24,NULL,1,28,2,1,1503249954,1503249954,NULL),(25,NULL,1,38,2,1,1503249954,1503249954,NULL),(26,NULL,1,50,2,1,1503249954,1503249954,NULL),(28,NULL,1,30,2,1,1503249954,1503249954,NULL),(29,NULL,1,37,3,37,1504688441,1504688441,12),(30,NULL,1,40,3,40,1504826983,1504826983,12),(31,NULL,1,1,3,1,1504838707,1504838707,10),(32,NULL,1,41,3,41,1504838720,1504838720,7),(33,NULL,1,39,3,39,1504838785,1504838785,8),(34,NULL,1,31,3,31,1504838904,1504838904,12),(35,NULL,1,59,3,59,1504838922,1504838922,8),(36,NULL,1,34,3,34,1504838991,1504838991,12),(37,NULL,1,66,3,66,1504839104,1504839104,10),(38,NULL,1,64,3,64,1504839127,1504839127,9),(39,NULL,1,43,3,41,1504839347,1504839347,8),(40,NULL,1,30,3,30,1504839447,1504839447,7),(41,NULL,1,38,3,38,1504839454,1504839454,8),(42,NULL,1,69,3,69,1504839493,1504839493,10),(43,NULL,1,48,3,48,1504839536,1504839536,8),(44,NULL,1,53,3,53,1504839537,1504839537,10),(45,NULL,1,55,3,55,1504839580,1504839580,12),(46,NULL,1,45,3,45,1504839628,1504839628,9),(47,NULL,1,62,3,62,1504839657,1504839657,7),(48,NULL,1,44,3,44,1504839676,1504839676,12),(49,NULL,1,32,3,32,1504839682,1504839682,12),(50,NULL,1,35,3,35,1504839732,1504839732,12),(51,NULL,1,70,3,70,1504839787,1504839787,10),(52,NULL,1,46,3,46,1504839798,1504839798,12),(53,NULL,1,47,3,1,1504839876,1504839876,9),(54,NULL,1,54,3,41,1504839881,1504839881,12),(55,NULL,1,67,3,67,1504839977,1504839977,10),(56,NULL,1,42,3,42,1504839978,1504839978,9),(57,NULL,1,50,3,50,1504840010,1504840010,10),(58,NULL,1,61,3,1,1504840251,1504840251,12),(60,NULL,1,71,3,1,1504840513,1504840513,10),(61,NULL,1,65,3,1,1504841129,1504841129,9),(62,NULL,1,1,4,1,1505431392,1505431392,14),(65,NULL,1,66,4,66,1505439001,1505439001,8),(66,NULL,1,67,4,67,1505441119,1505441119,7),(67,NULL,1,40,4,40,1505442020,1505442020,9),(68,NULL,1,31,4,31,1505442276,1505442276,11),(69,NULL,1,46,4,46,1505442990,1505442990,9),(70,NULL,1,59,4,59,1505442990,1505442990,9),(71,NULL,1,62,4,62,1505443241,1505443241,13),(72,NULL,1,35,4,35,1505443275,1505443275,7),(73,NULL,1,44,4,44,1505443478,1505443478,16),(74,NULL,1,47,4,41,1505443481,1505443481,12),(75,NULL,1,41,4,41,1505443507,1505443507,7),(76,NULL,1,72,4,72,1505443520,1505443520,10),(77,NULL,1,73,4,73,1505443596,1505443596,7),(78,NULL,1,32,4,32,1505443614,1505443614,14),(79,NULL,1,74,4,74,1505443676,1505443676,10),(80,NULL,1,37,4,37,1505443691,1505443691,8),(81,NULL,1,69,4,69,1505443728,1505443728,6),(82,NULL,1,64,4,64,1505443772,1505443772,6),(83,NULL,1,45,4,45,1505443865,1505443865,11),(84,NULL,1,34,4,34,1505443896,1505443896,10),(85,NULL,1,48,4,48,1505443915,1505443915,10),(86,NULL,1,65,4,65,1505443975,1505443975,13),(87,NULL,1,55,4,55,1505444031,1505444031,9),(88,NULL,1,53,4,53,1505444036,1505444036,12),(89,NULL,1,50,4,50,1505444052,1505444052,10),(90,NULL,1,61,4,61,1505444289,1505444289,7),(91,NULL,1,71,4,71,1505444389,1505444389,10),(92,NULL,1,54,4,41,1505444512,1505444512,9),(95,NULL,1,32,5,32,1505941423,1505941423,8),(96,NULL,1,76,5,76,1506044796,1506044796,10),(97,NULL,1,67,5,67,1506044796,1506044796,11),(98,NULL,1,66,5,66,1506045196,1506045196,13),(99,NULL,1,72,5,72,1506045323,1506045323,6),(100,NULL,1,41,5,41,1506046060,1506046060,10),(101,NULL,1,71,5,71,1506046588,1506046588,9),(102,NULL,1,39,5,39,1506046670,1506046670,11),(103,NULL,1,28,5,28,1506046722,1506046722,7),(104,NULL,1,31,5,31,1506046736,1506046736,12),(105,NULL,1,35,5,35,1506046887,1506046887,10),(106,NULL,1,1,5,1,1506046990,1506046990,9),(107,NULL,1,34,5,34,1506047080,1506047080,10),(108,NULL,1,48,5,48,1506047421,1506047421,15),(109,NULL,1,62,5,62,1506047842,1506047842,8),(110,NULL,1,77,5,77,1506048037,1506048037,10),(111,NULL,1,55,5,55,1506048072,1506048072,14),(112,NULL,1,46,5,46,1506048108,1506048108,15),(113,NULL,1,40,5,40,1506048154,1506048154,12),(114,NULL,1,78,5,78,1506048203,1506048203,7),(115,NULL,1,73,5,73,1506048250,1506048250,10),(116,NULL,1,53,5,53,1506048263,1506048263,9),(117,NULL,1,37,5,37,1506048288,1506048288,7),(118,NULL,1,50,5,50,1506048359,1506048359,7),(119,NULL,1,79,5,79,1506048404,1506048404,9),(120,NULL,1,65,5,65,1506048453,1506048453,13),(121,NULL,1,38,5,38,1506048491,1506048491,10),(122,NULL,1,59,5,59,1506048493,1506048493,6),(123,NULL,1,69,5,69,1506048501,1506048501,6),(124,NULL,1,64,5,64,1506048502,1506048502,13),(125,NULL,1,45,5,45,1506048537,1506048537,8),(126,NULL,1,51,5,51,1506048718,1506048718,10),(127,NULL,1,54,5,41,1506048837,1506048837,10),(128,NULL,1,47,5,41,1506048883,1506048883,10),(129,NULL,1,44,5,44,1506048902,1506048902,13),(130,NULL,1,61,5,41,1506049275,1506049275,6);
/*!40000 ALTER TABLE `sessionuser` ENABLE KEYS */;
UNLOCK TABLES;

--
-- Temporary table structure for view `machinepool`
--

DROP TABLE IF EXISTS `machinepool`;
/*!50001 DROP VIEW IF EXISTS `machinepool`*/;
SET @saved_cs_client     = @@character_set_client;
SET character_set_client = utf8;
/*!50001 CREATE VIEW `machinepool` AS SELECT 
 1 AS `user_id`,
 1 AS `machine_id`,
 1 AS `session_id`,
 1 AS `pick_count`*/;
SET character_set_client = @saved_cs_client;

--
-- Table structure for table `user`
--

DROP TABLE IF EXISTS `user`;
/*!40101 SET @saved_cs_client     = @@character_set_client */;
/*!40101 SET character_set_client = utf8 */;
CREATE TABLE `user` (
  `id` int(11) NOT NULL AUTO_INCREMENT,
  `username` varchar(255) COLLATE utf8_unicode_ci NOT NULL,
  `email` varchar(255) COLLATE utf8_unicode_ci NOT NULL,
  `password_hash` varchar(60) COLLATE utf8_unicode_ci NOT NULL,
  `auth_key` varchar(32) COLLATE utf8_unicode_ci NOT NULL,
  `confirmed_at` int(11) DEFAULT NULL,
  `unconfirmed_email` varchar(255) COLLATE utf8_unicode_ci DEFAULT NULL,
  `blocked_at` int(11) DEFAULT NULL,
  `registration_ip` varchar(45) COLLATE utf8_unicode_ci DEFAULT NULL,
  `created_at` int(11) NOT NULL,
  `updated_at` int(11) NOT NULL,
  `flags` int(11) NOT NULL DEFAULT '0',
  `last_login_at` int(11) DEFAULT NULL,
  PRIMARY KEY (`id`),
  UNIQUE KEY `user_unique_username` (`username`),
  UNIQUE KEY `user_unique_email` (`email`)
) ENGINE=InnoDB AUTO_INCREMENT=80 DEFAULT CHARSET=utf8 COLLATE=utf8_unicode_ci;
/*!40101 SET character_set_client = @saved_cs_client */;

--
-- Dumping data for table `user`
--

LOCK TABLES `user` WRITE;
/*!40000 ALTER TABLE `user` DISABLE KEYS */;
INSERT INTO `user` VALUES (1,'onigame','onigame@gmail.com','$2y$12$OQyYR8JxFLPqi/fx7IiZ8u60b6Ul/ch5zZ8bRjHaQLJSLW9ENaofi','4qW-vuyRr01DNjKkpRVjbiPhpzn8bf02',1499087706,NULL,NULL,'73.93.202.50',1499087706,1499087706,0,NULL),(8,'test01','onigame+test01@gmail.com','$2y$12$TPjtNfYoJUBfczRuchXz.uWakNIu8uKvPgszhQXvqxiIoTirIQrkC','Wck9FuHs4Lfz95L1Mcvb41S7cTIINSTW',1500544286,NULL,NULL,'73.93.202.50',1500543980,1501924202,0,1501924211),(9,'test02','onigame+test02@gmail.com','$2y$12$9tSlZVyZjmlB2F.qGrDDWOx2QFNwhMYq7UqCkgqR0yU7vKG5a9fHi','mdCjID_6cjeX2qrtUlrZ540XmlMWQ0lH',1500544291,NULL,NULL,'73.93.202.50',1500544014,1500544014,0,1501924099),(10,'test03','onigame+test03@gmail.com','$2y$12$B5SGA7KZt26jpwYYDyLLveBw8r44.VX1VzgivMdSYdmL.A8wIB4mW','gmoyQzL7wcayg_0lco9HhpZvqzRrMI1m',1500544294,NULL,NULL,'73.93.202.50',1500544024,1500544024,0,1505446366),(11,'test04','onigame+test04@gmail.com','$2y$12$WTe/8hcoIyfgmxSnhMstP.KIeMbiwjjeLb0ikmHj7CBccNGHggRLm','nFvox91seWTk637851EcYl-7OWwYGXwi',1500544296,NULL,NULL,'73.93.202.50',1500544033,1500544033,0,1504535053),(12,'test05','onigame+test05@gmail.com','$2y$12$2nkxuLPfhmUgwg/Orul0Y.kpXkkG.Co0sSYtWsOj5DSXEol5Ae3c6','kStLsUamvbD-Ctu10pDoj1rHlITJyYTp',NULL,NULL,NULL,'73.93.202.50',1500544055,1500544055,0,NULL),(13,'test06','onigame+test06@gmail.com','$2y$12$yyc1ogBU7VPC1VoE21.4BO1TBCLPNj.JChwcuUq2Fjbt1y9x.hlly','RaJUp-MvyHs_pijMbtuXVu08y1Q6uNNG',NULL,NULL,NULL,'73.93.202.50',1500544064,1500544064,0,1502511575),(14,'test07','onigame+test07@gmail.com','$2y$12$TDI1.8PVngzkd.4PzMBKHe5Ta8212G29Cc2l7iAvGWlWjhMpqer2W','XDx7wh8FYdcKKw3xkiT-JSGNeQwdfNaC',NULL,NULL,NULL,'73.93.202.50',1500544071,1500544071,0,1502952252),(15,'test08','onigame+test08@gmail.com','$2y$12$Qnu/8cfh9wriysPq9WudNuSXJo8PvgX6H/GCEDovbMinYK0YPk1HO','qhgVW0Db9wPs9FZqVBNV-KaAccsXKNcL',NULL,NULL,NULL,'73.93.202.50',1500544082,1500544082,0,1503037439),(16,'test09','onigame+test09@gmail.com','$2y$12$gk3HMuFTk8w1zSY0wAeGA.RPxg1ItSQJbO/UQ4J4x2v..tpck/5wC','jsKiPYIgZKqP1n4Ohhz-SpZfZdV3Luxa',NULL,NULL,NULL,'73.93.202.50',1500544126,1500544126,0,1502784844),(17,'test10','onigame+test10@gmail.com','$2y$12$o9goAXi3apgFRYaHtq8fA.a8b6LF.WrXeqm33C4st7T89oUg9cU2m','JRKHd3Tt7YpcX7RSnCC_im0o9SoG7FsH',NULL,NULL,NULL,'73.93.202.50',1500544135,1500544135,0,NULL),(18,'test11','onigame+test11@gmail.com','$2y$12$tB1hWZJMnwpjHv4bRfIsOORkWRMYc7xVFPobQf7eUMjurj/jAyeIG','AQXdQtub55PuZx8OYGX_1URFHOu2wX5n',NULL,NULL,NULL,'73.93.202.50',1500544171,1500544171,0,NULL),(19,'test12','onigame+test12@gmail.com','$2y$12$3J0TmG8Cf2eC8TCGoHtf4uFFSi9jbOB91qJORA3Lb6uPyYwHUuqXu','GLLxeANA9lr-u1o3ZaNSBwVoQuEXiKFC',NULL,NULL,NULL,'73.93.202.50',1500544180,1500544180,0,NULL),(20,'test13','onigame+test13@gmail.com','$2y$12$QLoCAnSZ2LfYi1uqEByUjuDUUjDj8MYx7lHuv6K7.ewL4HNB2aF0K','7g1_ewiM0ZjculzaWJHE7CspV0gv3boM',NULL,NULL,NULL,'73.93.202.50',1500544187,1500544187,0,NULL),(21,'test14','onigame+test14@gmail.com','$2y$12$W7arpB/2S00IfBS.MHX9Me3iTwvp7L6j7KEHEfslsOsWoFYwym6ia','A55Atg1lRIyfxqIgTmuCxriQ1YvT0gW0',NULL,NULL,NULL,'73.93.202.50',1500544194,1500544194,0,NULL),(22,'test15','onigame+test15@gmail.com','$2y$12$UkLFp0Hr90UKI6KXWpjVQ.4QqubXB7Q7JKTPhivd/bttkjQlPkA1a','78UpHjy3i3BMEDybfaEqX8I4vmR0_Vl5',NULL,NULL,NULL,'73.93.202.50',1500544202,1500544202,0,NULL),(23,'test16','onigame+test16@gmail.com','$2y$12$/ar8.PYB2./1LQ6ihMiwquYKBX1hqTk/fazIzKGhYpx/Qe1ZQgLTq','JhWoHSwQq2O_zoIEz3DIsllw9OvMhnuz',NULL,NULL,NULL,'73.93.202.50',1500544214,1500544214,0,NULL),(24,'test17','onigame+test17@gmail.com','$2y$12$bNmajVv1zAO/8H2nl5h8A.4no4r1W1o/NKMlYlsho1IWM0uvVGph.','frAE779mRT3IK428INXV4f6NEvfhuDfx',NULL,NULL,NULL,'73.93.202.50',1500544222,1500544222,0,NULL),(25,'test18','onigame+test18@gmail.com','$2y$12$7Cj.nH2YGM/pWeNaX.kNBOc5O./011ETwWOoFBeV4VnH96.9mp1p2','pyA0UAKGKB8NorUFHBWwfl5xp6dj5ADq',NULL,NULL,NULL,'73.93.202.50',1500544230,1500544230,0,NULL),(26,'test19','onigame+test19@gmail.com','$2y$12$kU5RZ07AbXaOuy7ZkA86rOu0VPwNizZ7/0V7Eypj1/8nrVZoSuvxS','yULABwsk2OEAnNFuq0XDaN1tx43zrFGg',NULL,NULL,NULL,'73.93.202.50',1500544239,1500544239,0,NULL),(27,'test20','onigame+test20@gmail.com','$2y$12$tBkzNdXaxjs/sCyQisEO6.birtzg7e/oGhD/AsmSQEKDCnOKvu3nu','k9hw39-eLK9o6pXYaJYFOaE-fWe0ASUE',NULL,NULL,NULL,'73.93.202.50',1500544250,1500544250,0,1502310272),(28,'Walter','Walteroni@gmail.com','$2y$12$4NsvIFiFvnQMWEJur9rOM.q23Ahl1U8snrXCYWixo7H2S9GKPQIq6','y9FuWNajyOrVnE0XCGZ76m2gPCZHfiCJ',1502258033,NULL,NULL,'173.228.19.63',1502258013,1502258013,0,1506046707),(29,'eug','eug@0x47.com','$2y$12$LK5mz/g/C.TDqkZSPIirauHI94zuVYGIVPLM/66Y6y2mA7vFzRzfW','g2ND8nkYNsmCrAKXmY_BKKRC9LMM_GCG',1502310548,NULL,NULL,'50.197.176.57',1502258256,1502258256,0,1503270118),(30,'Russell','rdare3@gmail.com','$2y$12$ZsFR05YgURYw1RBQp1MvauJ1A2jMSuiez1w1Fjz2vCzxz7dZFzndy','piJIpTPNDSa3p-X-Iaj4ityCZ75lzrx2',1502263836,NULL,NULL,'73.222.32.3',1502263836,1502263836,0,NULL),(31,'Capavatar','aaronschneickert@gmail.com','$2y$12$UOvw.io.D/UBAre2sD9ALezIUasKDB1FUu1e.WSlnHbFQiG5t1sjS','UJpBUx0Cn4nGr92gyciy_7k9A_yieGad',1502264996,NULL,NULL,'208.36.66.69',1502264915,1502264915,0,1506046730),(32,'asamonte','bapa-account@prison.net','$2y$12$U4GvCw0BHmnnFwn1U02q3OwFYXNwmJ22aj/BnFtsA0Gu39J6qaQF6','8k2C_YEkbxPm1M5JbOIXOnY2h09B0RsD',1502266473,NULL,NULL,'208.74.178.205',1502266455,1502266455,0,1506048360),(33,'Dev','Devonpkelly@gmail.com','$2y$12$LFRMWOwdJZ82kLPgpMsvUu.dGG7/nxIjrXD9RKXAu8qUsETSmZvv.','dhbGsD6sEEBxFPVHCWGeHgRp3nG9JkJk',1503222603,NULL,NULL,'172.124.232.150',1502268819,1503227264,0,1503227141),(34,'Shado1w','Farage@comcast.net','$2y$12$eqnXV8HFRgWQOB9AQLGBtuVG8tuxjKmmWQNRurK4L.gCTaVgHi9Oe','C-0TUH8QokWjzfFFvMDaWeSRMzi2jaUJ',1502279934,NULL,NULL,'73.92.136.246',1502279906,1504838948,0,1506047066),(35,'mbirsching','mbirsching@earthlink.net','$2y$12$jTWfSOgTsWZ5x3C/fFg4uOV4/3EVQkUCcFOamrFirlLfYD2W0h.6a','QfLG8-q7Dmxpkn6InD0Z-utIFYtNeLIw',1502284671,NULL,NULL,'76.254.17.13',1502284589,1502284589,0,1506053481),(36,'CRKus','chris@sakura.ro','$2y$12$mqq/QKKUBcfns2QfYaBKKeBWdA3sD.zvU4BmpAfE.yFy/2DVV7Rb6','1M8Kyt-HIAX9d4_BUZF2TXsRT-dCr_1O',1502296032,NULL,NULL,'17.115.144.170',1502296032,1502296032,0,NULL),(37,'Krellan','krellan@krellan.com','$2y$12$/U0sHAljLCOIu2ojmaa3KeqUHVwP.pAP3Kd8rniyyDkPtDWPfJ/GS','7giZl7_aWtdLttqa2J21yzzlNc7iI8fx',1502316347,NULL,NULL,'24.4.193.26',1502304293,1502304293,0,1505443686),(38,'jddreller','jddreller@gmail.com','$2y$12$VIWVPqQZcgvm/8qAPxzFVubap.RKgjjNedD0ui0BrWEe4NccR0e6W','PfCv83wOQQvPE99_S3qH9VKq1FEAevgP',1502323613,NULL,NULL,'67.160.203.101',1502323595,1502323595,0,1506048482),(39,'The3point14','The3point14@gmail.com','$2y$12$IhaG50nI22BtmTz9SPnHFuhXpp6ZGrPPm9TmaOprZgBqmY3HI846G','FUnXyj9F3S9OEf1-Chr6BPt6mFYSA7PT',1502326728,NULL,NULL,'172.58.39.69',1502326708,1502326708,0,1506046663),(40,'chriskd','rocketfan@hotmail.com','$2y$12$/rBRpq3yQnHCCWl5jqgK9e5zRhd9ExDtMqeawPTIPpYWyEQ/zDUkK','n1pP7SFfHhc1jHOt6JCA-5pS2oatxLtL',1502462399,NULL,NULL,'73.93.64.9',1502462365,1502462365,0,1505452932),(41,'lebrachick','lebrachick@gmail.com','$2y$12$q1DY2/n0cMx6wYDZ887M7uFBWJjYHd8.RHpIChFILhMPOeGQKW08S','xj3mVPLxKTjppp7oyCc8QtYXwN9PA0qW',1502634113,NULL,NULL,'73.222.32.3',1502634090,1502634090,0,1506048660),(42,'MacJedi','michael_k_jones@hotmail.com','$2y$12$rzO3IpW1deQ9vMtEu6aVbu/6Z29Zh6mCR6aYkNC0ZEZvttWx.Oa4.','5p9RvbL7i7HogycrvDOnP8H-cBU8LRL1',1502774721,NULL,NULL,'73.231.234.236',1502774698,1502774698,0,1504839969),(43,'joshkroman','jakroman@gmail.com','$2y$12$nAFwEViYXnutW3TYJBfPuuUO8W.lWCb45O3kfkv.gQ.3DdwkIpxEi','RFCluApeyq8n8Iz02X06HBwoVv511STv',1502829680,NULL,NULL,'73.223.238.194',1502829680,1502829938,0,1504840317),(44,'timmay','timhansen@outlook.com','$2y$12$zlPfSO2.vGidiPaIjvDgJusk4LjxFvXJMhsoGz/bwhsz3uc0UMmFe','w_H6rfI7pD4oLHdzAyi5I8qQaeY3RR6Q',1502852121,NULL,NULL,'73.158.65.182',1502852107,1502852107,0,1504839662),(45,'clumley','c.lumley@gmail.com','$2y$12$nRon/oTJro15VMxGdZQuj.W6LP9UBl5tq92DIfFxSi1sYbYkDqRvO','9SMtEkFKESQtnTidUgYh2k83yYits2XF',1502917348,NULL,NULL,'104.133.2.96',1502917348,1502917348,0,1504839606),(46,'TonyLavigna','alfixture@gmail.com','$2y$12$dJaJfV9r.wYnpdMw2y63UOjFsjArM2CvscP3sKh2nbrR2VVTR0Hta','1Y25P-qJFvjLpo9qzdZPA7SP1Q1cGcJv',1502923919,NULL,NULL,'68.186.54.252',1502923850,1502923850,0,1506048099),(47,'JadenLavigna','JadenLavigna@gmail.com','$2y$12$j3wLcmuSGE58OLkfP6gObOUDdyaqrDCGacgGxdQBZ.4EG6zd4FgnW','BD0XGhXrNZhXIjdpmVH5rw3h3gOQZ0DT',1502924055,NULL,NULL,'68.186.54.252',1502924035,1502924035,0,NULL),(48,'XavierMarin','fxaviermarin@yahoo.com','$2y$12$yfVHob9c9MzropvMltcxO.5iRs2W3XesiiCewbuwaFTf5u9c9o21y','4XXdQvJYIuWOw3UuSXXcYNBMeVHDUEBX',1503116561,NULL,NULL,'66.87.119.101',1503116534,1503116534,0,1504880237),(49,'basis','onigame+bernie.asis@gmail.com','$2y$12$Z.62LCJfT/PjrRAk1/aJxuMJ/wSm36Nk/juxngCaFo4POPuTuHFV6','cGWsJmFgRPmkQaB0Br9hirIhfmZxZkKA',1503117628,NULL,NULL,'73.93.202.50',1503117628,1503117628,0,NULL),(50,'cokruhlica','okruhlica@gmail.com','$2y$12$IUCdjuYOBOVcTtkFo5OOqOoncMfzQM4dpLi.qaXYpgIOPc8shv9a.','BZ09XXuTwI9-YGRLmBDsF4CMifciBxM-',1503118222,NULL,NULL,'73.93.202.50',1503118222,1503118222,0,1504839997),(51,'dfong','K3r0k3r0@yahoo.com','$2y$12$9RYUJfj.v1BQIdc2LOofMO9DBMibDrTFzrvByzcHqahLytCy13Ri.','oaVfcSx6IQzzJ8EztRPl9B0I8_JQliNi',1503118347,NULL,NULL,'73.93.202.50',1503118347,1503118347,0,1505864842),(53,'mfitzpatrick','Hattrickfitzpatrick@yahoo.com','$2y$12$KsPIhloKby7hZ0tLU/nBsO0yqwNoy.9kKQdy.bP6G8F0gvnlQzVnO','zkz4EB_1hPHjkRQUA4zLmQLppRI2VU9M',1503118595,NULL,NULL,'73.93.202.50',1503118595,1504839445,0,1506048260),(54,'mhafner','phishrace@hotmail.com','$2y$12$Ex1.AV5xOSV818WXJQsqoOnp7rpybA4AWO2JD8uG1iN1EkquWZYAS','c3DxP97KsHCDzCo5SYb1ag7cK_y0I8Lo',1503118667,NULL,NULL,'73.93.202.50',1503118667,1503118667,0,1505458573),(55,'nfitzpatrick','Nickbfitz03@yahoo.com','$2y$12$Y0ahXD2g7qgMAerjUshONeFvl0IXO2XbYPkjxemZc2/agdRNJqLSG','D-Lcdif_-yH4XGK1WGsTznC3x5bNRbmK',1503118732,NULL,NULL,'73.93.202.50',1503118732,1503118732,0,1506048230),(56,'rwilliams','onigame+richard.williams@gmail.com','$2y$12$nljgjN19sFo9KPLCNa5U8.02tmrOBCGn0EGGR2hE9JXa85ppZj23u','t94wdta4s5NPHx-Qvo3EcayyMAL3Amiw',1503118795,NULL,NULL,'73.93.202.50',1503118795,1503118795,0,NULL),(59,'tbiggs','onigame+tim.biggs@gmail.com','$2y$12$AqmMzQY0XZbdLA6JtMf6..3Wo6N3NOrfcOHS5dsh09KiyR67uFA1u','0Ml87-n7qQUmyvaA90oCyP-04NtBFj7H',1503119302,'tebiggs@gmail.com',NULL,'73.93.202.50',1503119302,1504838865,0,1504838815),(61,'Karenkeikot','tsunodakaren@gmail.com','$2y$12$Mc2Dtc6LhxKm3X6S16Jr..9D2FmRf1HLMaoifdkHVCutR/UopmW/i','4AADp0lbPnQc3Lm3fPcPvURRM-bPUgrL',1503223615,NULL,NULL,'172.124.232.150',1503223561,1503223561,0,1505444270),(62,'joelshitshow','joel@joelshitshow.com','$2y$12$FOtbIL/RfMOd3kCaolWDz.dS7l4SfcSbZzabOJ45/MHXzXNNdWtn.','7_v6e658_fN8rKS2ASi5_TexDttsKEgg',1504658490,NULL,NULL,'216.113.160.70',1504651083,1504651083,0,1504839629),(63,'CindyHuang730','cindyhuang730@gmail.com','$2y$12$Jh5nj3Vz.KlC0QBg1PHuL.ei6sx6rWNEms6taIi0qnDNHo.1NbuK6','6j9yU267FGeZNiuuQXDYMf4BBRmBL9x6',1504716661,NULL,NULL,'104.132.0.70',1504716634,1504716634,0,1504756691),(64,'Jeannie','missjeannie@gmail.com','$2y$12$PgXhgR8Rc7akzO.hyynBuO1ZurYPgaUCQUq8/FRr3CNEqYzJ1O5EC','Uv6--9fPH5d2D2MaZfxZnUWAlebB4asL',1504763987,NULL,NULL,'76.103.75.46',1504763961,1504763961,0,1505456463),(65,'dri','Michael.Mattsson@gmail.com','$2y$12$bJo9TjNQfXVVpGMMJzyILOz1EYuiwG63DEbzNWQd9MskGUGBm6kZi','SIKcPhbK3N-GVKl45f34OzSCtFW_KVaT',1504833660,NULL,NULL,'198.54.169.4',1504833638,1504833638,0,1505456754),(66,'gerl0050','J.n.gerlach@gmail.com','$2y$12$AgPEpfN02rp/2JtACS4Xl.r1VAzWh66tt1GHk73qhAb56WxV57ywW','GonxsCY3ODYHWrYXblPQvK4choL4VoxW',1504838937,NULL,NULL,'209.92.66.2',1504838922,1504838922,0,1505431843),(67,'cistearns','cistearns@mac.com','$2y$12$0qyjURxX.Ehh4coMOTHeb.NgDbB1HJO9l6HGUTV6AUDmQExIDgnAC','K1QG1hQhhm5Diov-jVAnIvrnRSYlOer3',1504839677,NULL,NULL,'209.92.66.2',1504838959,1504883714,0,1505491575),(69,'waveman','jan.pieper@gmail.com','$2y$12$vlBzFLlSlglBk/BYdTMz9..ovz9vv7XwWEFz.hwjf6dfPlYG509DO','krUVEru_DIvwRfIgwLDm7UAWkyEqMG8t',1504839427,NULL,NULL,'209.92.66.2',1504839408,1504839408,0,1505457867),(70,'Scheiny','steve@frontendtech.com','$2y$12$qCsSqmigd.NROaX4Q9EN5OBjayYRpjIgsYN4bo0pz9Py9sr0HVgJG','q0bY8h3rOyi4PigzPVBcxG6Ibr15gKZZ',1504839773,NULL,NULL,'209.92.66.2',1504839756,1504839756,0,NULL),(71,'Kevinrip','Kevinripar@yahoo.com','$2y$12$WJ8rqBWSVY.SJKnHC1S2V.sIcSdyK3CEL1YAR610t/80zWAEhKcJ.','y09d_r7DwIu8ZBxrKB8TvYzsbafmbpMe',1504840028,NULL,NULL,'174.214.11.31',1504839985,1504839985,0,NULL),(72,'Jackie.Gerlach','jacqueline.n@gmail.com','$2y$12$3vq4xTzRetpeOz2vWv6WweZ//ex..8/OEA2AIPYGcfbftbxlEq9Uq','rxQ1tY22Z6DVk346WXZ4aCzIPEzT_sbR',1505443506,NULL,NULL,'172.58.95.91',1505443486,1505443486,0,1505444333),(73,'echo','esoteric.es@gmail.com','$2y$12$0YliXEYnfXY7oStvQpOLFuJfA1j4w8vdS6FUNKL9YR4Z9iTo.eja6','MU1dPxdLOe7-_ln8lkJvgh8k8L7DAWlt',1505443585,NULL,NULL,'172.56.39.194',1505443585,1505443585,0,1506048227),(74,'Scottdags','Scottdags@gmail.com','$2y$12$2/Z6QabCaxMJKV1KxFvmkeWdT.S.mYjeUf7qtWA0w5vz4VuA3AvOW','OKMdt8a2OepapPXjBA_GS6o9wpNd-kIw',1505443661,NULL,NULL,'209.92.66.2',1505443622,1505443622,0,NULL),(75,'FiveTenFinn','510finn@gmail.com','$2y$12$Bg6SMC8YRaBqRtHqtHdWve2c36tfZACuHok2zcf5RPN/hwUH6R6N6','JmPhXiCdOPrDik-eGqlo4VnHsSKQXoNP',1505839982,NULL,NULL,'173.244.36.70',1505839951,1505839951,0,1505840430),(76,'Snapshotstacy','Snapshotstacy@gmail.com','$2y$12$8v.uivJaNjV3udd4rAmjs.UC7/9O0ew5kkIb7ShflU3IWhnlNmmiC','kkyhc3SoS5bTHHpPFCOsqQffhbyrBq0v',1505949482,NULL,NULL,'174.214.15.4',1505949395,1505949395,0,1505950398),(77,'Liz','foreverlizzy6@gmail.com','$2y$12$uHMvSep8hykajiWDZvAnZ.W9oBz.fvdOAUA91AFVQGrcWv7THxSEK','-o68Sx0wjcc96-YXBtZcRRv39YCRWQYf',1506048009,NULL,NULL,'209.92.66.2',1506047853,1506047853,0,NULL),(78,'Dmolson512','dmolson512@gmail.com','$2y$12$q.ivs8PoASWZ0Un/JRA8nu8IsTyE4gysCVLibSd72Bi4VZzQMi0Uq','D6z9pAkVWf-pGzaKdtfQFKdIoekrYNTX',1506048177,NULL,NULL,'209.92.66.2',1506047990,1506047990,0,NULL),(79,'Tonic','Pinballs@unity303.com','$2y$12$Mn8OLDzBlRF/zV3.8NXOAePmMHIJZ4.egy4WS9R4BQt2VOmQbe8I.','WWHh0zVLvl7i8wDpvYDIli7dxPG2koQq',1506048320,NULL,NULL,'172.58.33.91',1506048288,1506048288,0,NULL);
/*!40000 ALTER TABLE `user` ENABLE KEYS */;
UNLOCK TABLES;

--
-- Table structure for table `profile`
--

DROP TABLE IF EXISTS `profile`;
/*!40101 SET @saved_cs_client     = @@character_set_client */;
/*!40101 SET character_set_client = utf8 */;
CREATE TABLE `profile` (
  `user_id` int(11) NOT NULL,
  `name` varchar(255) COLLATE utf8_unicode_ci DEFAULT NULL,
  `public_email` varchar(255) COLLATE utf8_unicode_ci DEFAULT NULL,
  `gravatar_email` varchar(255) COLLATE utf8_unicode_ci DEFAULT NULL,
  `gravatar_id` varchar(32) COLLATE utf8_unicode_ci DEFAULT NULL,
  `location` varchar(255) COLLATE utf8_unicode_ci DEFAULT NULL,
  `website` varchar(255) COLLATE utf8_unicode_ci DEFAULT NULL,
  `bio` text COLLATE utf8_unicode_ci,
  `timezone` varchar(40) COLLATE utf8_unicode_ci DEFAULT NULL,
  `ifpa` int(11) DEFAULT NULL,
  PRIMARY KEY (`user_id`),
  CONSTRAINT `fk_user_profile` FOREIGN KEY (`user_id`) REFERENCES `user` (`id`) ON DELETE CASCADE
) ENGINE=InnoDB DEFAULT CHARSET=utf8 COLLATE=utf8_unicode_ci;
/*!40101 SET character_set_client = @saved_cs_client */;

--
-- Dumping data for table `profile`
--

LOCK TABLES `profile` WRITE;
/*!40000 ALTER TABLE `profile` DISABLE KEYS */;
INSERT INTO `profile` VALUES (1,'Wei-Hwa Huang','onigame@gmail.com','','d41d8cd98f00b204e9800998ecf8427e','','','',NULL,3442),(8,'Test One','',NULL,NULL,NULL,NULL,NULL,NULL,NULL),(9,'Test Two','',NULL,NULL,NULL,NULL,NULL,NULL,NULL),(10,'Test Three','',NULL,NULL,NULL,NULL,NULL,NULL,NULL),(11,'Test Four','',NULL,NULL,NULL,NULL,NULL,NULL,NULL),(12,'Test Five','',NULL,NULL,NULL,NULL,NULL,NULL,NULL),(13,'Test Six','',NULL,NULL,NULL,NULL,NULL,NULL,NULL),(14,'Test Seven','',NULL,NULL,NULL,NULL,NULL,NULL,NULL),(15,'Test Eight','',NULL,NULL,NULL,NULL,NULL,NULL,NULL),(16,'Test Nine','',NULL,NULL,NULL,NULL,NULL,NULL,NULL),(17,'Test Ten','',NULL,NULL,NULL,NULL,NULL,NULL,NULL),(18,'Test Eleven','',NULL,NULL,NULL,NULL,NULL,NULL,NULL),(19,'Test Twelve','',NULL,NULL,NULL,NULL,NULL,NULL,NULL),(20,'Test Thirteen','',NULL,NULL,NULL,NULL,NULL,NULL,NULL),(21,'Test Fourteen','',NULL,NULL,NULL,NULL,NULL,NULL,NULL),(22,'Test Fifteen','',NULL,NULL,NULL,NULL,NULL,NULL,NULL),(23,'Test Sixteen','',NULL,NULL,NULL,NULL,NULL,NULL,NULL),(24,'Test Seventeen','',NULL,NULL,NULL,NULL,NULL,NULL,NULL),(25,'Test Eighteen','',NULL,NULL,NULL,NULL,NULL,NULL,NULL),(26,'Test Nineteen','',NULL,NULL,NULL,NULL,NULL,NULL,NULL),(27,'Test Twenty','',NULL,NULL,NULL,NULL,NULL,NULL,NULL),(28,'Walter Hurwitz','',NULL,NULL,NULL,NULL,NULL,NULL,NULL),(29,'Eugene Gershtein','eug@0x47.com',NULL,NULL,NULL,NULL,NULL,NULL,3532),(30,'Russell Dare','rdare3@gmail.com',NULL,NULL,NULL,NULL,NULL,NULL,14325),(31,'Aaron Schneickert','aaronschneickert@gmail.com',NULL,NULL,NULL,NULL,NULL,NULL,14562),(32,'Chaz Steele','bapa-account@prison.net',NULL,NULL,NULL,NULL,NULL,NULL,90),(33,'Devon Kelly','Devonpkelly@gmail.com',NULL,NULL,NULL,NULL,NULL,NULL,NULL),(34,'Usama Farage','',NULL,NULL,NULL,NULL,NULL,NULL,NULL),(35,'Mark Birsching','mbirsching@earthlink.net',NULL,NULL,NULL,NULL,NULL,NULL,14319),(36,'Chris Kochan','chris@sakura.ro',NULL,NULL,NULL,NULL,NULL,NULL,10752),(37,'Josh Lehan','krellan@krellan.com',NULL,NULL,NULL,NULL,NULL,NULL,536),(38,'John Dreller','jddreller@gmail.com',NULL,NULL,NULL,NULL,NULL,NULL,26647),(39,'Joshua Lambert','',NULL,NULL,NULL,NULL,NULL,NULL,51639),(40,'Chris DeLen','rocketfan@hotmail.com',NULL,NULL,NULL,NULL,NULL,NULL,6271),(41,'Masha Dare','lebrachick@gmail.com',NULL,NULL,NULL,NULL,NULL,NULL,16935),(42,'Michael Jones','michael_k_jones@hotmail.com',NULL,NULL,NULL,NULL,NULL,NULL,35944),(43,'Josh Kroman','jakroman@gmail.com',NULL,NULL,NULL,NULL,NULL,NULL,48848),(44,'Tim Hansen','',NULL,NULL,NULL,NULL,NULL,NULL,1376),(45,'Colin Lumley','c.lumley@gmail.com',NULL,NULL,NULL,NULL,NULL,NULL,28874),(46,'Tony Lavigna','',NULL,NULL,NULL,NULL,NULL,NULL,NULL),(47,'Jaden Lavigna','',NULL,NULL,NULL,NULL,NULL,NULL,NULL),(48,'Xavier Marin','Fxaviermarin@yahoo.com',NULL,NULL,NULL,NULL,NULL,NULL,43909),(49,'Bernie Asis','',NULL,NULL,NULL,NULL,NULL,NULL,NULL),(50,'Craig Okruhlica','okruhlica@gmail.com',NULL,NULL,NULL,NULL,NULL,NULL,20981),(51,'Dana Fong','',NULL,NULL,NULL,NULL,NULL,NULL,NULL),(53,'Mark Fitzpatrick','',NULL,NULL,NULL,NULL,NULL,NULL,NULL),(54,'Mike Hafner','',NULL,NULL,NULL,NULL,NULL,NULL,NULL),(55,'Nick Fitzpatrick','',NULL,NULL,NULL,NULL,NULL,NULL,NULL),(56,'Richard Williams','',NULL,NULL,NULL,NULL,NULL,NULL,NULL),(59,'Tim Biggs','',NULL,NULL,NULL,NULL,NULL,NULL,45070),(61,'Karen Tsunoda','',NULL,NULL,NULL,NULL,NULL,NULL,NULL),(62,'Joel Edelman','',NULL,NULL,NULL,NULL,NULL,NULL,NULL),(63,'Cindy Huang','',NULL,NULL,NULL,NULL,NULL,NULL,51638),(64,'Jeannie Rodriguez ','',NULL,NULL,NULL,NULL,NULL,NULL,8309),(65,'Michael Mattsson','',NULL,NULL,NULL,NULL,NULL,NULL,NULL),(66,'James Gerlach','J.n.gerlach@gmail.com',NULL,NULL,NULL,NULL,NULL,NULL,NULL),(67,'Charles Stearns','cistearns@mac.com',NULL,NULL,NULL,NULL,NULL,NULL,NULL),(69,'Jan Pieper','',NULL,NULL,NULL,NULL,NULL,NULL,NULL),(70,'Steve Scheinberg','',NULL,NULL,NULL,NULL,NULL,NULL,NULL),(71,'Kevin Riparbelli','',NULL,NULL,NULL,NULL,NULL,NULL,NULL),(72,'Jackie Gerlach','jacqueline.n@gmail.com',NULL,NULL,NULL,NULL,NULL,NULL,NULL),(73,'Esther Cho','',NULL,NULL,NULL,NULL,NULL,NULL,NULL),(74,'Scott D\'Agostino','',NULL,NULL,NULL,NULL,NULL,NULL,NULL),(75,NULL,NULL,NULL,NULL,NULL,NULL,NULL,NULL,NULL),(76,'Stacy Ferguson','Snapshotstacy@gmail.com',NULL,NULL,NULL,NULL,NULL,NULL,NULL),(77,'Liz Keiser','foreverlizzy6@gmail.com',NULL,NULL,NULL,NULL,NULL,NULL,NULL),(78,'Daniel Olson','dmolson512@gmail.com',NULL,NULL,NULL,NULL,NULL,NULL,NULL),(79,'Thomas Tran','Pinball@unity303.com',NULL,NULL,NULL,NULL,NULL,NULL,NULL);
/*!40000 ALTER TABLE `profile` ENABLE KEYS */;
UNLOCK TABLES;

--
-- Final view structure for view `machinepool`
--

/*!50001 DROP VIEW IF EXISTS `machinepool`*/;
/*!50001 SET @saved_cs_client          = @@character_set_client */;
/*!50001 SET @saved_cs_results         = @@character_set_results */;
/*!50001 SET @saved_col_connection     = @@collation_connection */;
/*!50001 SET character_set_client      = latin1 */;
/*!50001 SET character_set_results     = latin1 */;
/*!50001 SET collation_connection      = latin1_swedish_ci */;
/*!50001 CREATE ALGORITHM=UNDEFINED */
/*!50013 DEFINER=`whuang`@`%` SQL SECURITY DEFINER */
/*!50001 VIEW `machinepool` AS (select `game`.`machine_selector` AS `user_id`,`game`.`machine_id` AS `machine_id`,`match`.`session_id` AS `session_id`,count(0) AS `pick_count` from ((`game` join `match` on((`game`.`match_id` = `match`.`id`))) join `session` on((`match`.`session_id` = `session`.`id`))) where ((`game`.`machine_id` is not null) and (`game`.`machine_selector` is not null) and (`game`.`status` <> 5)) group by `game`.`machine_id`,`game`.`machine_selector`,`match`.`session_id`) */;
/*!50001 SET character_set_client      = @saved_cs_client */;
/*!50001 SET character_set_results     = @saved_cs_results */;
/*!50001 SET collation_connection      = @saved_col_connection */;
/*!40103 SET TIME_ZONE=@OLD_TIME_ZONE */;

/*!40101 SET SQL_MODE=@OLD_SQL_MODE */;
/*!40014 SET FOREIGN_KEY_CHECKS=@OLD_FOREIGN_KEY_CHECKS */;
/*!40014 SET UNIQUE_CHECKS=@OLD_UNIQUE_CHECKS */;
/*!40101 SET CHARACTER_SET_CLIENT=@OLD_CHARACTER_SET_CLIENT */;
/*!40101 SET CHARACTER_SET_RESULTS=@OLD_CHARACTER_SET_RESULTS */;
/*!40101 SET COLLATION_CONNECTION=@OLD_COLLATION_CONNECTION */;
/*!40111 SET SQL_NOTES=@OLD_SQL_NOTES */;

-- Dump completed on 2017-09-21 21:11:37
